<rcs>
	<rc id="2">
		<button name="POWER" pos="55,30" />
		<button name="1" pos="23,58" />
		<button name="2" pos="55,58" />
		<button name="3" pos="87,58" />
		<button name="4" pos="23,78" />
		<button name="5" pos="55,78" />
		<button name="6" pos="87,78" />
		<button name="7" pos="23,98" />
		<button name="8" pos="55,98" />
		<button name="9" pos="87,98" />
		<button name="ARROWLEFT" pos="23,117" />
		<button name="0" pos="55,117" />
		<button name="ARROWRIGHT" pos="87,117" />

		<button name="EPG" pos="19,147" />
		<button name="FAV" pos="92,147" />
		<button name="MENU" pos="19,213" />
		<button name="EXIT" pos="92,213" />

		<button name="OK" pos="55,180" />
		<button name="UP" pos="55,155" />
		<button name="DOWN" pos="55,205" />
		<button name="LEFT" pos="30,180" />
		<button name="RIGHT" pos="81,180" />

		<button name="INFO" pos="22,244" />
		<button name="MEDIA" pos="55,244" />
		<button name="BACK" pos="89,244" />

		<button name="VOL+" pos="22,272" />
		<button name="VOL-" pos="22,304" />
		<button name="MUTE" pos="55,287" />
		<button name="CH+" pos="88,272" />
		<button name="CH-" pos="88,304" />

		<button name="RED" pos="19,332" />
		<button name="GREEN" pos="43,332" />
		<button name="YELLOW" pos="67,332" />
		<button name="BLUE" pos="91,332" />

		<button name="REWIND" pos="19,352" />
		<button name="PLAYPAUSE" pos="43,352" />
		<button name="STOP" pos="67,352" />
		<button name="FASTFORWARD" pos="91,352" />

		<button name="RECORD" pos="19,370" />
		<button name="TIMER" pos="43,370" />
		<button name="WWW" pos="67,370" />
		<button name="PLUGIN" pos="91,370" />

		<button name="AUDIO" pos="19,398" />
		<button name="SCREEN" pos="43,398" />
		<button name="SUBTITLE" pos="67,398" />
		<button name="SLEEP" pos="91,398" />

		<button name="TEXT" pos="19,416" />
		<button name="TV" pos="43,416" />
		<button name="RADIO" pos="67,416" />
		<button name="HELP" pos="91,416" />
	</rc>
</rcs>
