<rcs>
	<rc id="2">
		<button name="SHIFT" pos="58,21" />
		<button name="POWER" pos="97,49" />
		<button name="DREAMSELECT" pos="54,53" />
		<button name="TVSELECT" pos="32,452" />
		<button name="1" pos="22,60" />
		<button name="2" pos="54,60" />
		<button name="3" pos="86,60" />
		<button name="4" pos="22,85" />
		<button name="5" pos="54,85" />
		<button name="6" pos="86,85" />
		<button name="7" pos="22,110" />
		<button name="8" pos="54,110" />
		<button name="9" pos="86,110" />
		<button name="ARROWLEFT" pos="22,135" />
		<button name="0" pos="54,135" />
		<button name="ARROWRIGHT" pos="86,135" />
		<button name="VOL+" pos="22,163" />
		<button name="VOL-" pos="22,192" />
		<button name="MUTE" pos="54,163" />
		<button name="EXIT" pos="86,220" />
		<button name="BOUQUET+" pos="86,163" />
		<button name="BOUQUET-" pos="86,192" />
		<button name="INFO" pos="54,192" />
		<button name="MENU" pos="22,220" />
		<button name="OK" pos="54,257" />
		<button name="UP" pos="54,234" />
		<button name="DOWN" pos="54,280" />
		<button name="LEFT" pos="27,258" />
		<button name="RIGHT" pos="79,258" />
		<button name="HELP" pos="89,423" />
		<button name="PVR" pos="86,295" />
		<button name="RED" pos="21,364" />
		<button name="GREEN" pos="43,364" />
		<button name="YELLOW" pos="65,364" />
		<button name="BLUE" pos="87,364" />
		<button name="REWIND" pos="31,404" />
		<button name="PLAYPAUSE" pos="21,385" />
		<button name="STOP" pos="43,385" />
		<button name="FASTFORWARD" pos="43,404" />
		<button name="TV" pos="21,404" />
		<button name="RADIO" pos="87,404" />
		<button name="TEXT" pos="21,37" />
		<button name="RECORD" pos="87,385" />
	</rc>
</rcs>