<rcs>
	<rc id="2">
		<button name="POWER" pos="107,25" />
		<button name="TEXT" pos="31,45" />
		<button name="SUBTITLE" pos="57,45" />
		<button name="HELP" pos="109,45" />
		<button name="1" pos="36,65" />
		<button name="2" pos="70,65" />
		<button name="3" pos="106,65" />
		<button name="4" pos="36,86" />
		<button name="5" pos="70,86" />
		<button name="6" pos="106,86" />
		<button name="7" pos="36,107" />
		<button name="8" pos="70,107" />
		<button name="9" pos="106,107" />
		<button name="ARROWLEFT" pos="35,128" />
		<button name="0" pos="70,128" />
		<button name="ARROWRIGHT" pos="105,128" />
		<button name="RED" pos="31,148" />
		<button name="GREEN" pos="57,148" />
		<button name="YELLOW" pos="83,148" />
		<button name="BLUE" pos="109,148" />
		<button name="VIDEO" pos="33,170" />
		<button name="MENU" pos="107,170" />
		<button name="OK" pos="70,201" />
		<button name="UP" pos="70,177" />
		<button name="DOWN" pos="70,227" />
		<button name="LEFT" pos="46,201" />
		<button name="RIGHT" pos="94,201" />
		<button name="INFO" pos="33,232" />
		<button name="EXIT" pos="107,232" />
		<button name="VOL+" pos="36,260" />
		<button name="VOL-" pos="36,291" />
		<button name="AUDIO" pos="70,255" />
		<button name="MUTE" pos="70,275" />
		<button name="TIMER" pos="70,295" />
		<button name="CH+" pos="104,260" />
		<button name="CH-" pos="104,291" />
		<button name="REWIND" pos="31,314" />
		<button name="PLAY" pos="57,314" />
		<button name="PAUSE" pos="83,314" />
		<button name="FASTFORWARD" pos="109,314" />
		<button name="TV" pos="31,333" />
		<button name="RECORD" pos="57,333" />
		<button name="STOP" pos="83,333" />
		<button name="RADIO" pos="109,333" />
	</rc>
</rcs>
