<rcs>
	<rc id="2">
		<button name="POWER" pos="121,22" />
		<button name="DREAMSELECT" pos="37,45" />
		<button name="HELP" pos="79,45" />
		<button name="TVSELECT" pos="121,45" />
		<button name="1" pos="37,67" />
		<button name="2" pos="79,67" />
		<button name="3" pos="121,67" />
		<button name="4" pos="37,90" />
		<button name="5" pos="79,90" />
		<button name="6" pos="121,90" />
		<button name="7" pos="37,112" />
		<button name="8" pos="79,112" />
		<button name="9" pos="121,112" />
		<button name="ARROWLEFT" pos="37,134" />
		<button name="0" pos="79,134" />
		<button name="ARROWRIGHT" pos="121,134" />
		<button name="RED" pos="35,166" />
		<button name="GREEN" pos="65,166" />
		<button name="YELLOW" pos="95,166" />
		<button name="BLUE" pos="125,166" />
		<button name="INFO" pos="34,192" />
		<button name="MENU" pos="125,192" />
		<button name="UP" pos="79,192" />
		<button name="LEFT" pos="46,222" />
		<button name="OK" pos="79,222" />
		<button name="RIGHT" pos="112,222" />
		<button name="DOWN" pos="79,255" />
		<button name="AUDIO" pos="34,251" />
		<button name="PVR" pos="125,251" />
		<button name="EXIT" pos="79,284" />
		<button name="VOL+" pos="44,285" />
		<button name="VOL-" pos="52,315" />
		<button name="MUTE" pos="79,320" />
		<button name="BOUQUET+" pos="115,285" />
		<button name="BOUQUET-" pos="106,315" />
		<button name="REWIND" pos="42,360" />
		<button name="PLAYPAUSE" pos="67,360" />
		<button name="STOP" pos="92,360" />
		<button name="FORWARD" pos="117,360" />
		<button name="TV" pos="42,389" />
		<button name="RADIO" pos="67,389" />
		<button name="TEXT" pos="92,389" />
		<button name="RECORD" pos="117,389" />
	</rc>
</rcs>
