<rcs>
<rc id="1">
		<button name="POWER" pos="25,30" />
		<button name="MUTE" pos="107,30" />

		<button name="RED" pos="25,50" />
		<button name="GREEN" pos="50,50" />
		<button name="YELLOW" pos="77,50" />
		<button name="BLUE" pos="105,50" />
		
		<button name="REWIND" pos="25,75" />
		<button name="FASTFORWARD" pos="50,75" />
		
		<button name="PLAY" pos="25,103" />
		<button name="PAUSE" pos="50,103" />

		<button name="EPG" pos="25,129" />
		<button name="INFO" pos="50,129" />
		<button name="SUBTITLE" pos="77,129" />
		<button name="AUDIO" pos="105,129" />
		
		<button name="MENU" pos="28,246" />
		<button name="EXIT" pos="110,246" />

		<button name="OK" pos="65,201" />
		<button name="UP" pos="65,166" />
		<button name="DOWN" pos="65,236" />
		<button name="LEFT" pos="30,201" />
		<button name="RIGHT" pos="98,201" />

		<button name="VOL+" pos="26,280" />
		<button name="VOL-" pos="26,316" />
		<button name="CH+" pos="101,280" />
		<button name="CH-" pos="101,315" />

		<button name="1" pos="33,354" />
		<button name="2" pos="70,354" />
		<button name="3" pos="103,354" />
		<button name="4" pos="33,376" />
		<button name="5" pos="70,376" />
		<button name="6" pos="103,376" />
		<button name="7" pos="33,404" />
		<button name="8" pos="70,404" />
		<button name="9" pos="103,404" />
		<button name="0" pos="70,425" />
	</rc>
</rcs>