<rcs>
	<rc id="2">
		<button name="POWER" pos="28,48" />
		<button name="MUTE" pos="103,48" />

		<button name="HELP" pos="108,75" />

		<button name="1" pos="26,95" />
		<button name="2" pos="66,95" />
		<button name="3" pos="105,95" />
		<button name="4" pos="26,115" />
		<button name="5" pos="66,115" />
		<button name="6" pos="105,115" />
		<button name="7" pos="26,134" />
		<button name="8" pos="66,134" />
		<button name="9" pos="105,134" />
		<button name="ARROWLEFT" pos="26,154" />
		<button name="0" pos="66,154" />
		<button name="ARROWRIGHT" pos="105,154" />

		<button name="VOL+" pos="25,178" />
		<button name="VOL-" pos="25,212" />
		<button name="BOUQUET+" pos="107,178" />
		<button name="BOUQUET-" pos="107,212" />
		<button name="EPG" pos="66,214" />

		<button name="MENU" pos="25,267" />
		<button name="EXIT" pos="104,267" />
		<button name="OK" pos="65,310" />
		<button name="UP" pos="65,266" />
		<button name="DOWN" pos="65,346" />
		<button name="LEFT" pos="25,306" />
		<button name="RIGHT" pos="105,306" />
		<button name="INFO" pos="25,346" />

		<button name="RED" pos="21,371" />
		<button name="GREEN" pos="52,371" />
		<button name="YELLOW" pos="80,371" />
		<button name="BLUE" pos="111,371" />

		<button name="REWIND" pos="24,395" />
		<button name="PLAY" pos="52,395" />
		<button name="PAUSE" pos="80,395" />
		<button name="FASTFORWARD" pos="108,395" />
		<button name="AUDIO" pos="21,412" />
		<button name="STOP" pos="52,412" />
		<button name="RECORD" pos="80,412" />
		<button name="PVR" pos="108,412" />
		<button name="TEXT" pos="21,429" />
		<button name="TV" pos="52,429" />
		<button name="RADIO" pos="80,429" />
		<button name="FAVORITES" pos="108,429" />

	</rc>
</rcs>
