<rcs>
	<rc id="2">
		<button name="POWER" pos="61,31" />
		<button name="1" pos="37,83" />
		<button name="2" pos="61,83" />
		<button name="3" pos="87,83" />
		<button name="4" pos="37,104" />
		<button name="5" pos="61,104" />
		<button name="6" pos="87,104" />
		<button name="7" pos="37,123" />
		<button name="8" pos="61,123" />
		<button name="9" pos="87,123" />
		<button name="ARROWLEFT" pos="37,151" />
		<button name="0" pos="62,153" />
		<button name="ARROWRIGHT" pos="87,151" />
		<button name="VOL+" pos="36,309" />
		<button name="VOL-" pos="36,345" />
		<button name="MUTE" pos="62,325" />
		<button name="EXIT" pos="95,203" />
		<button name="BOUQUET+" pos="88,309" />
		<button name="BOUQUET-" pos="88,340" />
		<button name="INFO" pos="74,178" />
		<button name="MENU" pos="28,202" />
		<button name="OK" pos="61,242" />
		<button name="UP" pos="61,219" />
		<button name="DOWN" pos="61,263" />
		<button name="LEFT" pos="38,241" />
		<button name="RIGHT" pos="86,241" />
		<button name="AUDIO" pos="95,279" />
		<button name="RED" pos="29,366" />
		<button name="GREEN" pos="52,366" />
		<button name="YELLOW" pos="72,366" />
		<button name="BLUE" pos="95,366" />
		<button name="TV" pos="51,54" />
		<button name="RADIO" pos="74,54" />
		<button name="TEXT" pos="30,54" />
		<button name="HELP" pos="95,54" />
		<button name="PVR" pos="27,278" />
		<button name="RECORD" pos="27,395" />
		<button name="PLAY" pos="72,395" />
		<button name="PAUSE" pos="72,395" />
		<button name="REWIND" pos="50,417" />
		<button name="FASTFORWARD" pos="73,417" />
		<button name="STOP" pos="51,395" />
	</rc>
</rcs>
