<rcs>
	<rc id="1">
		<button name="POWER" pos="28,28" />
		<button name="1" pos="26,94" />
		<button name="2" pos="60,94" />
		<button name="3" pos="94,94" />
		<button name="4" pos="26,115" />
		<button name="5" pos="60,115" />
		<button name="6" pos="94,115" />
		<button name="7" pos="26,136" />
		<button name="8" pos="60,136" />
		<button name="9" pos="94,136" />
		<button name="ARROWLEFT" pos="26,185" />
		<button name="0" pos="60,185" />
		<button name="ARROWRIGHT" pos="94,185" />
		<button name="VOL+" pos="26,281" />
		<button name="VOL-" pos="26,306" />
		<button name="MUTE" pos="96,26" />
		<button name="EXIT" pos="21,249" />
		<button name="BOUQUET+" pos="94,281" />
		<button name="BOUQUET-" pos="94,305" />
		<button name="INFO" pos="99,183" />
		<button name="MENU" pos="21,183" />
		<button name="OK" pos="60,211" />
		<button name="UP" pos="60,180" />
		<button name="DOWN" pos="60,234" />
		<button name="LEFT" pos="30,208" />
		<button name="RIGHT" pos="90,208" />
		<button name="AUDIO" pos="26,70" />
		<button name="RED" pos="21,337" />
		<button name="GREEN" pos="47,337" />
		<button name="YELLOW" pos="73,337" />
		<button name="BLUE" pos="99,337" />
		<button name="TV" pos="47,51" />
		<button name="RADIO" pos="73,51" />
		<button name="TEXT" pos="93,70" />
		<button name="HELP" pos="97,51" />
		<button name="PVR" pos="60,307" />
		<button name="RECORD" pos="21,356" />
		<button name="PLAY" pos="73,356" />
		<button name="PAUSE" pos="73,356" />
		<button name="REWIND" pos="47,374" />
		<button name="FASTFORWARD" pos="73,374" />
		<button name="STOP" pos="47,356" />
	</rc>
</rcs>
