<rcs>
	<rc id="2">
		<button name="SHIFT" pos="59,23" />
		<button name="POWER" pos="93,23" />
		<button name="DREAMSELECT" pos="51,55" />
		<button name="TVSELECT" pos="97,55" />
		<button name="1" pos="38,81" />
		<button name="2" pos="77,81" />
		<button name="3" pos="113,81" />
		<button name="4" pos="38,102" />
		<button name="5" pos="77,102" />
		<button name="6" pos="113,102" />
		<button name="7" pos="38,122" />
		<button name="8" pos="77,122" />
		<button name="9" pos="113,122" />
		<button name="ARROWLEFT" pos="38,143" />
		<button name="0" pos="77,143" />
		<button name="ARROWRIGHT" pos="113,143" />
		<button name="VOL+" pos="31,181" />
		<button name="VOL-" pos="42,206" />
		<button name="MUTE" pos="76,172" />
		<button name="EXIT" pos="76,194" />
		<button name="BOUQUET+" pos="119,181" />
		<button name="BOUQUET-" pos="111,206" />
		<button name="INFO" pos="27,233" />
		<button name="MENU" pos="125,233" />
		<button name="OK" pos="77,262" />
		<button name="UP" pos="76,235" />
		<button name="DOWN" pos="76,289" />
		<button name="LEFT" pos="45,262" />
		<button name="RIGHT" pos="108,262" />
		<button name="AUDIO" pos="31,295" />
		<button name="VIDEO" pos="121,295" />
		<button name="RED" pos="34,329" />
		<button name="GREEN" pos="62,330" />
		<button name="YELLOW" pos="89,330" />
		<button name="BLUE" pos="118,329" />
		<button name="TV" pos="37,362" />
		<button name="RADIO" pos="62,363" />
		<button name="TEXT" pos="89,363" />
		<button name="HELP" pos="114,362" />
	</rc>
</rcs>
