<rcs>
	<rc id="2">
		<button name="POWER" pos="107,29" />
		<button name="1" pos="39,82" />
		<button name="2" pos="69,82" />
		<button name="3" pos="102,82" />
		<button name="4" pos="39,108" />
		<button name="5" pos="69,108" />
		<button name="6" pos="102,108" />
		<button name="7" pos="39,138" />
		<button name="8" pos="69,138" />
		<button name="9" pos="102,138" />
		<button name="ARROWLEFT" pos="39,150" />
		<button name="0" pos="69,164" />
		<button name="ARROWRIGHT" pos="102,150" />
		<button name="VOL+" pos="41,316" />
		<button name="VOL-" pos="42,350" />
		<button name="MUTE" pos="35,29" />
		<button name="EXIT" pos="71,316" />
		<button name="BOUQUET+" pos="101,316" />
		<button name="BOUQUET-" pos="101,350" />
		<button name="INFO" pos="71,342" />
		<button name="MENU" pos="37,370" />
		<button name="OK" pos="71,255" />
		<button name="UP" pos="71,213" />
 		<button name="DOWN" pos="70,283" />
		<button name="LEFT" pos="43,255" />
		<button name="RIGHT" pos="100,255" />
		<button name="AUDIO" pos="84,370" />
		<button name="RED" pos="36,186" />
		<button name="GREEN" pos="60,186" />
		<button name="YELLOW" pos="82,186" />
		<button name="BLUE" pos="106,186" />
		<button name="TV" pos="37,414" />
		<button name="RADIO" pos="105,413" />
		<button name="TEXT" pos="35,50" />
		<button name="HELP" pos="105,370" />
		<button name="PVR" pos="59,370" />
		<button name="RECORD" pos="65,414" />
		<button name="PLAY" pos="59,392" />
		<button name="PAUSE" pos="82,392" />
		<button name="REWIND" pos="37,392" />
		<button name="FASTFORWARD" pos="105,392" />
		<button name="STOP" pos="82,410" />
	</rc>
</rcs>
