<rcs>
	<rc id="2">
		<button name="SHIFT" pos="41,90" />
		<button name="POWER" pos="22,65" />
		<button name="DREAMSELECT" pos="54,53" />
		<button name="TVSELECT" pos="98,53" />
		<button name="1" pos="47,110" />
		<button name="2" pos="71,110" />
		<button name="3" pos="95,110" />
		<button name="4" pos="47,133" />
		<button name="5" pos="71,133" />
		<button name="6" pos="95,133" />
		<button name="7" pos="47,156" />
		<button name="8" pos="71,156" />
		<button name="9" pos="95,156" />
		<button name="ARROWLEFT" pos="22,367" />
		<button name="0" pos="71,177" />
		<button name="ARROWRIGHT" pos="94,367" />
		<button name="VOL+" pos="47,289" />
		<button name="VOL-" pos="47,307" />
		<button name="MUTE" pos="22,400" />
		<button name="EXIT" pos="93,212" />
		<button name="BOUQUET+" pos="95,282" />
		<button name="BOUQUET-" pos="95,307" />
		<button name="INFO" pos="70,199" />
		<button name="MENU" pos="25,211" />
		<button name="OK" pos="57,246" />
		<button name="UP" pos="57,222" />
		<button name="DOWN" pos="57,270" />
		<button name="LEFT" pos="35,245" />
		<button name="RIGHT" pos="79,245" />
		<button name="HELP" pos="22,382" />
		<button name="PVR" pos="22,283" />
		<button name="RED" pos="22,332" />
		<button name="GREEN" pos="47,333" />
		<button name="YELLOW" pos="72,332" />
		<button name="BLUE" pos="95,333" />
		<button name="REWIND" pos="46,367" />
		<button name="PLAYPAUSE" pos="45,349" />
		<button name="STOP" pos="71,349" />
		<button name="FASTFORWARD" pos="71,366" />
		<button name="TV" pos="46,177" />
		<button name="RADIO" pos="46,177" />
		<button name="TEXT" pos="22,156" />
		<button name="RECORD" pos="94,349" />
	</rc>
</rcs>