<rcs>
	<rc id="2">
		<button name="POWER" pos="57,49" />
		<button name="1" pos="27,340" />
		<button name="2" pos="58,340" />
		<button name="3" pos="89,340" />
		<button name="4" pos="27,360" />
		<button name="5" pos="58,360" />
		<button name="6" pos="89,360" />
		<button name="7" pos="27,380" />
		<button name="8" pos="58,380" />
		<button name="9" pos="89,380" />
		<button name="ARROWLEFT" pos="34,236" />
		<button name="0" pos="58,400" />
		<button name="ARROWRIGHT" pos="82,236" />
		<button name="VOL+" pos="25,124" />
		<button name="VOL-" pos="28,146" />
		<button name="MUTE" pos="90,186" />
		<button name="EXIT" pos="93,270" />
		<button name="BOUQUET+" pos="90,125" />
		<button name="BOUQUET-" pos="87,148" />
		<button name="INFO" pos="58,143" />
		<button name="MENU" pos="21,204" />
		<button name="OK" pos="58,236" />
		<button name="UP" pos="58,212" />
		<button name="DOWN" pos="58,260" />
		<button name="LEFT" pos="33,236" />
		<button name="RIGHT" pos="82,236" />
		<button name="AUDIO" pos="93,205" />
		<button name="VIDEO" pos="22,270" />
		<button name="RED" pos="23,305" />
		<button name="GREEN" pos="46,305" />
		<button name="YELLOW" pos="68,305" />
		<button name="BLUE" pos="91,305" />
		<button name="TV" pos="28,290" />
		<button name="RADIO" pos="28,289" />
		<button name="TEXT" pos="93,205" />
		<button name="HELP" pos="57,421" />
		<button name="PLAYPAUSE" pos="69,181" />
		<button name="STOP" pos="45,180" />
		<button name="REWIND" pos="44,163" />
		<button name="FASTFORWARD" pos="71,164" />
		<button name="RECORD" pos="24,185" />
	</rc>
</rcs> 
