<rcs>
	<rc id="2">
		<button name="SHIFT" pos="58,21" />
		<button name="POWER" pos="90,21" />
		<button name="DREAMSELECT" pos="54,53" />
		<button name="TVSELECT" pos="98,53" />
		<button name="1" pos="37,83" />
		<button name="2" pos="76,83" />
		<button name="3" pos="115,83" />
		<button name="4" pos="37,105" />
		<button name="5" pos="76,105" />
		<button name="6" pos="115,105" />
		<button name="7" pos="37,126" />
		<button name="8" pos="76,126" />
		<button name="9" pos="115,126" />
		<button name="ARROWLEFT" pos="37,148" />
		<button name="0" pos="76,148" />
		<button name="ARROWRIGHT" pos="115,148" />
		<button name="VOL+" pos="30,184" />
		<button name="VOL-" pos="39,208" />
		<button name="MUTE" pos="76,179" />
		<button name="EXIT" pos="76,201" />
		<button name="BOUQUET+" pos="122,184" />
		<button name="BOUQUET-" pos="113,208" />
		<button name="INFO" pos="28,238" />
		<button name="MENU" pos="124,238" />
		<button name="OK" pos="60,220" />
		<button name="UP" pos="60,190" />
		<button name="DOWN" pos="60,255" />
		<!--button name="LEFT" pos="48,266" />
		<button name="RIGHT" pos="106,266" /-->
		<button name="LEFT" pos="30,220" />
		<button name="RIGHT" pos="90,220" />
		<button name="HELP" pos="32,298" />
		<button name="PVR" pos="121,298" />
		<button name="RED" pos="34,333" />
		<button name="GREEN" pos="61,335" />
		<button name="YELLOW" pos="90,335" />
		<button name="BLUE" pos="118,333" />
		<button name="REWIND" pos="37,365" />
		<button name="PLAYPAUSE" pos="64,366" />
		<button name="STOP" pos="90,366" />
		<button name="FORWARD" pos="117,365" />
		<button name="TV" pos="40,397" />
		<button name="RADIO" pos="65,399" />
		<button name="TEXT" pos="89,399" />
		<button name="RECORD" pos="113,397" />
	</rc>
</rcs>