<rcs>
	<rc id="2">
		<button name="SHIFT" pos="59,23" />
		<button name="POWER" pos="93,23" />
		<button name="DREAMSELECT" pos="51,55" />
		<button name="TVSELECT" pos="97,55" />
		<button name="1" pos="35,82" />
		<button name="2" pos="76,82" />
		<button name="3" pos="116,82" />
		<button name="4" pos="35,104" />
		<button name="5" pos="76,104" />
		<button name="6" pos="116,104" />
		<button name="7" pos="35,126" />
		<button name="8" pos="76,126" />
		<button name="9" pos="116,126" />
		<button name="ARROWLEFT" pos="27,153" />
		<button name="0" pos="76,149" />
		<button name="ARROWRIGHT" pos="121,153" />
		<button name="VOL+" pos="32,309" />
		<button name="VOL-" pos="32,350" />
		<button name="MUTE" pos="76,51" />
		<button name="EXIT" pos="76,325" />
		<button name="BOUQUET+" pos="119,309" />
		<button name="BOUQUET-" pos="119,350" />
		<button name="INFO" pos="117,202" />
		<button name="MENU" pos="33,210" />
		<button name="OK" pos="76,233" />
		<button name="UP" pos="76,203" />
		<button name="DOWN" pos="76,264" />
		<button name="LEFT" pos="46,234" />
		<button name="RIGHT" pos="106,234" />
		<button name="AUDIO" pos="115,263" />
		<button name="VIDEO" pos="33,263" />
		<button name="RED" pos="32,376" />
		<button name="GREEN" pos="61,376" />
		<button name="YELLOW" pos="90,376" />
		<button name="BLUE" pos="119,376" />
		<button name="TV" pos="46,429" />
		<button name="RADIO" pos="105,429" />
		<button name="TEXT" pos="75,346" />
		<button name="HELP" pos="75,285" />
		<button name="PLAYPAUSE" pos="76,429" />
		<button name="STOP" pos="105,429" />
		<button name="REWIND" pos="62,406" />
		<button name="FASTFORWARD" pos="90,406" />
		<button name="RECORD" pos="46,429" />
	</rc>
</rcs>
