<?xml version="1.0" encoding="utf-8"?>
<rcs>
	<rc id="2">
		<button name="SHIFT" pos="58,21" />
		<button name="POWER" pos="107,30" />
		<button name="DREAMSELECT" pos="54,53" />
		<button name="TVSELECT" pos="37,406" />
		<button name="1" pos="35,80" />
		<button name="2" pos="60,80" />
		<button name="3" pos="83,80" />
		<button name="4" pos="35,107" />
		<button name="5" pos="60,107" />
		<button name="6" pos="83,107" />
		<button name="7" pos="35,110" />
		<button name="8" pos="60,110" />
		<button name="9" pos="83,110" />
		<button name="0" pos="60,119" />
		<button name="ARROWLEFT" pos="35,119" />
		<button name="ARROWRIGHT" pos="83,119" />
		<button name="VOL+" pos="35,141" />
		<button name="VOL-" pos="35,208" />
		<button name="MUTE" pos="35,30" />
		<button name="EXIT" pos="106,211" />
		<button name="BOUQUET+" pos="106,308" />
		<button name="BOUQUET-" pos="106,339" />
		<button name="INFO" pos="106,289" />
		<button name="MENU" pos="35,211" />
		<button name="OK" pos="71,251" />
		<button name="UP" pos="71,211" />
		<button name="DOWN" pos="71,289" />
		<button name="LEFT" pos="37,238" />
		<button name="RIGHT" pos="106,238" />
		<button name="HELP" pos="105,363" />
		<button name="PVR" pos="37,363" />
		<button name="RED" pos="31,330" />
		<button name="GREEN" pos="60,330" />
		<button name="YELLOW" pos="83,330" />
		<button name="BLUE" pos="107,330" />
		<button name="REWIND" pos="35,385" />
		<button name="FASTFORWARD" pos="105,385" />
		<button name="PLAYPAUSE" pos="71,423" />
		<button name="PLAY" pos="65,385" />
		<button name="PAUSE" pos="107,385" />
		<button name="STOP" pos="35,381" />
		<button name="RECORD" pos="71,381" />
		<button name="TV" pos="35,423" />
		<button name="RADIO" pos="107,423" />
		<button name="TEXT" pos="35,311" />
		<button name="AUDIO" pos="71,175" />
	</rc>
</rcs>