<rcs>
	<rc id="2">
		<button name="POWER" pos="99,38" />
		<button name="1" pos="35,78" />
		<button name="2" pos="65,78" />
		<button name="3" pos="95,78" />
		<button name="4" pos="35,98" />
		<button name="5" pos="65,98" />
		<button name="6" pos="95,98" />
		<button name="7" pos="35,118" />
		<button name="8" pos="65,118" />
		<button name="9" pos="95,118" />
		<button name="ARROWLEFT" pos="35,140" />
		<button name="0" pos="65,140" />
		<button name="ARROWRIGHT" pos="95,140" />
		<button name="VOL+" pos="32,302" />
		<button name="VOL-" pos="32,325" />
		<button name="MUTE" pos="30,38" />
		<button name="EXIT" pos="95,205" />
		<button name="BOUQUET+" pos="97,302" />
		<button name="BOUQUET-" pos="97,325" />
		<button name="INFO" pos="30,280" />
		<button name="MENU" pos="30,205" />
		<button name="OK" pos="64,240" />
		<button name="UP" pos="64,215" />
		<button name="DOWN" pos="64,270" />
		<button name="LEFT" pos="40,235" />
		<button name="RIGHT" pos="88,235" />
		<button name="AUDIO" pos="65,160" />
		<button name="RED" pos="28,190" />
		<button name="GREEN" pos="52,190" />
		<button name="YELLOW" pos="76,190" />
		<button name="BLUE" pos="99,190" />
		<button name="TV" pos="34,58" />
		<button name="RADIO" pos="54,58" />
		<button name="TEXT" pos="35,160" />
		<button name="HELP" pos="35,360" />
		<button name="PVR" pos="62,335" />
		<button name="RECORD" pos="35,400" />
		<button name="PLAY" pos="62,400" />
		<button name="PAUSE" pos="62,400" />
		<button name="REWIND" pos="62,380" />
		<button name="FASTFORWARD" pos="93,380" />
		<button name="STOP" pos="93,400" />
	</rc>
</rcs>
