<rcs>
	<rc id="2">
		<button name="POWER" pos="100,37" />
		<button name="1" pos="28,71" />
		<button name="2" pos="65,64" />
		<button name="3" pos="103,71" />
		<button name="4" pos="28,97" />
		<button name="5" pos="65,90" />
		<button name="6" pos="103,97" />
		<button name="7" pos="28,125" />
		<button name="8" pos="65,118" />
		<button name="9" pos="103,125" />
		<button name="ARROWLEFT" pos="28,152" />
		<button name="0" pos="65,144" />
		<button name="ARROWRIGHT" pos="103,152" />
		<button name="VOL+" pos="27,254" />
		<button name="VOL-" pos="50,272" />
		<button name="MUTE" pos="27,38" />
		<button name="EXIT" pos="109,99" />
		<button name="BOUQUET+" pos="104,254" />
		<button name="BOUQUET-" pos="80,272" />
		<button name="INFO" pos="83,175" />
		<button name="MENU" pos="23,198" />
		<button name="OK" pos="66,222" />
		<button name="UP" pos="65,196" />
		<button name="DOWN" pos="65,248" />
		<button name="LEFT" pos="40,222" />
		<button name="RIGHT" pos="91,222" />
		<button name="AUDIO" pos="65,399" />
		<button name="RED" pos="29,319" />
		<button name="GREEN" pos="54,326" />
		<button name="YELLOW" pos="78,326" />
		<button name="BLUE" pos="102,319" />
		<button name="TV" pos="34,417" />
		<button name="RADIO" pos="66,419" />
		<button name="TEXT" pos="34,398" />
		<button name="HELP" pos="97,418" />
		<button name="PVR" pos="98,292" />
		<button name="RECORD" pos="32,357" />
		<button name="PLAY" pos="66,357" />
		<button name="PAUSE" pos="66,357" />
		<button name="REWIND" pos="34,377" />
		<button name="FASTFORWARD" pos="98,377" />
		<button name="STOP" pos="66,377" />
	</rc>
</rcs>
