<rcs>
	<rc id="2">
		<button name="SHIFT" pos="59,23" />
		<button name="POWER" pos="60,50" />
		<button name="DREAMSELECT" pos="15,55" />
		<button name="TVSELECT" pos="100,76" />
		<button name="1" pos="21,268" />
		<button name="2" pos="60,268" />
		<button name="3" pos="98,268" />
		<button name="4" pos="21,290" />
		<button name="5" pos="60,290" />
		<button name="6" pos="98,290" />
		<button name="7" pos="21,312" />
		<button name="8" pos="60,312" />
		<button name="9" pos="98,312" />
		<button name="ARROWLEFT" pos="21,332" />
		<button name="0" pos="60,332" />
		<button name="ARROWRIGHT" pos="98,332" />
		<button name="VOL+" pos="12,108" />
		<button name="VOL-" pos="12,220" />
		<button name="MUTE" pos="102,54" />
		<button name="EXIT" pos="82,88" />
		<button name="BOUQUET+" pos="108,108" />
		<button name="BOUQUET-" pos="108,220" />
		<button name="INFO" pos="96,276" />
		<button name="MENU" pos="36,88" />
		<button name="OK" pos="58,128" />
		<button name="UP" pos="60,108" />
		<button name="DOWN" pos="60,234" />
		<button name="LEFT" pos="32,220" />
		<button name="RIGHT" pos="86,220" />
		<button name="AUDIO" pos="16,96" />
		<button name="VIDEO" pos="0,0" />
		<button name="RED" pos="16,320" />
		<button name="GREEN" pos="42,328" />
		<button name="YELLOW" pos="62,328" />
		<button name="BLUE" pos="100,320" />
		<button name="TV" pos="14,70" />
		<button name="RADIO" pos="106,70" />
		<button name="TEXT" pos="22,250" />
		<button name="HELP" pos="0,0" />
	</rc>
</rcs>