<rcs>
	<rc id="2">
		<button name="POWER" pos="94,18" />
		<button name="1" pos="33,83" />
		<button name="2" pos="64,83" />
		<button name="3" pos="94,83" />
		<button name="4" pos="33,104" />
		<button name="5" pos="64,104" />
		<button name="6" pos="94,104" />
		<button name="7" pos="33,123" />
		<button name="8" pos="64,123" />
		<button name="9" pos="94,123" />
		<button name="ARROWLEFT" pos="34,120" />
		<button name="0" pos="64,120" />
		<button name="ARROWRIGHT" pos="94,120" />
		<button name="VOL+" pos="32,270" />
		<button name="VOL-" pos="32,300" />
		<button name="MUTE" pos="64,296" />
		<button name="EXIT" pos="101,192" />
		<button name="BOUQUET+" pos="96,270" />
		<button name="BOUQUET-" pos="96,300" />
		<button name="INFO" pos="98,158" />
		<button name="MENU" pos="33,18" />
		<button name="OK" pos="64,224" />
		<button name="UP" pos="64,166" />
		<button name="DOWN" pos="64,202" />
		<button name="LEFT" pos="42,180" />
		<button name="RIGHT" pos="86,180" />
		<button name="AUDIO" pos="65,280" />
		<button name="RED" pos="28,240" />
		<button name="GREEN" pos="52,240" />
		<button name="YELLOW" pos="80,240" />
		<button name="BLUE" pos="100,240" />
		<button name="TV" pos="53,394" />
		<button name="RADIO" pos="76,394" />
		<button name="TEXT" pos="32,390" />
		<button name="HELP" pos="97,411" />
		<button name="PVR" pos="98,194" />
		<button name="RECORD" pos="28,346" />
		<button name="PLAY" pos="76,346" />
		<button name="PAUSE" pos="76,346" />
		<button name="REWIND" pos="52,368" />
		<button name="FASTFORWARD" pos="76,368" />
		<button name="STOP" pos="52,346" />
	</rc>
</rcs>
