<rcs>
	<rc id="2">
		<button name="SHIFT" pos="58,21" />
		<button name="POWER" pos="56,17" />
		<button name="DREAMSELECT" pos="54,53" />
		<button name="TVSELECT" pos="98,53" />
		<button name="1" pos="24,61" />
		<button name="2" pos="57,61" />
		<button name="3" pos="90,61" />
		<button name="4" pos="24,86" />
		<button name="5" pos="57,86" />
		<button name="6" pos="90,86" />
		<button name="7" pos="24,112" />
		<button name="8" pos="57,112" />
		<button name="9" pos="90,112" />
		<button name="ARROWLEFT" pos="23,410" />
		<button name="0" pos="57,139" />
		<button name="ARROWRIGHT" pos="45,410" />
		<button name="VOL+" pos="88,166" />
		<button name="VOL-" pos="88,196" />
		<button name="MUTE" pos="93,38" />
		<button name="EXIT" pos="24,301" />
		<button name="BOUQUET+" pos="26,166" />
		<button name="BOUQUET-" pos="26,196" />
		<button name="INFO" pos="90,233" />
		<button name="MENU" pos="24,224" />
		<button name="OK" pos="57,262" />
		<button name="UP" pos="57,238" />
		<button name="DOWN" pos="57,286" />
		<button name="LEFT" pos="34,262" />
		<button name="RIGHT" pos="82,262" />
		<button name="HELP" pos="45,430" />
		<button name="PVR" pos="57,197" />
		<button name="RED" pos="23,350" />
		<button name="GREEN" pos="46,350" />
		<button name="YELLOW" pos="69,350" />
		<button name="BLUE" pos="91,350" />
		<button name="REWIND" pos="69,390" />
		<button name="PLAYPAUSE" pos="92,370" />
		<button name="STOP" pos="46,370" />
		<button name="FASTFORWARD" pos="91,390" />
		<button name="TV" pos="45,38" />
		<button name="RADIO" pos="24,139" />
		<button name="TEXT" pos="89,399" />
		<button name="RECORD" pos="22,370" />
	</rc>
</rcs>
