<rcs>
	<rc id="2">
		<button name="SHIFT" pos="59,23" />
		<button name="POWER" pos="108,25" />
		<button name="DREAMSELECT" pos="51,55" />
		<button name="TVSELECT" pos="32,452" />
		<button name="1" pos="48,48" />
		<button name="2" pos="80,48" />
		<button name="3" pos="108,48" />
		<button name="4" pos="48,77" />
		<button name="5" pos="80,77" />
		<button name="6" pos="108,77" />
		<button name="7" pos="48,97" />
		<button name="8" pos="80,97" />
		<button name="9" pos="108,97" />
		<button name="ARROWLEFT" pos="48,120" />
		<button name="0" pos="80,120" />
		<button name="ARROWRIGHT" pos="108,153" />
		<button name="VOL+" pos="50,275" />
		<button name="VOL-" pos="50,300" />
		<button name="MUTE" pos="79,295" />
		<button name="EXIT" pos="80,225" />
		<button name="BOUQUET+" pos="108,276" />
		<button name="BOUQUET-" pos="107,299" />
		<button name="INFO" pos="78,199" />
		<button name="MENU" pos="49,149" />
		<button name="OK" pos="75,172" />
		<button name="UP" pos="75,153" />
		<button name="DOWN" pos="78,205" />
		<button name="LEFT" pos="48,177" />
		<button name="RIGHT" pos="112,177" />
		<button name="AUDIO" pos="64,432" />
		<button name="VIDEO" pos="64,314" />
		<button name="RED" pos="46,249" />
		<button name="GREEN" pos="66,249" />
		<button name="YELLOW" pos="88,249" />
		<button name="BLUE" pos="111,249" />
		<button name="TV" pos="45,371" />
		<button name="RADIO" pos="67,371" />
		<button name="TEXT" pos="89,371" />
		<button name="HELP" pos="111,371" />
	</rc>
</rcs>