<rcs>
	<rc id="2">
		<button name="POWER" pos="20,29" />
		<button name="1" pos="26,56" />
		<button name="2" pos="54,56" />
		<button name="3" pos="82,56" />
		<button name="4" pos="26,80" />
		<button name="5" pos="54,80" />
		<button name="6" pos="82,80" />
		<button name="7" pos="26,106" />
		<button name="8" pos="54,106" />
		<button name="9" pos="82,106" />
		<button name="ARROWLEFT" pos="26,128" />
		<button name="0" pos="54,128" />
		<button name="ARROWRIGHT" pos="82,128" />
		<button name="VOL+" pos="26,182" />
		<button name="VOL-" pos="26,220" />
		<button name="MUTE" pos="88,33" />
		<button name="EXIT" pos="90,248" />
		<button name="BOUQUET+" pos="82,182" />
		<button name="BOUQUET-" pos="82,220" />
		<button name="INFO" pos="54,156" />
		<button name="MENU" pos="17,248" />
		<button name="OK" pos="54,288" />
		<button name="UP" pos="54,257" />
		<button name="DOWN" pos="54,319" />
		<button name="LEFT" pos="25,288" />
		<button name="RIGHT" pos="82,288" />
		<button name="AUDIO" pos="20,360" />
		<button name="RED" pos="20,339" />
		<button name="GREEN" pos="43,339" />
		<button name="YELLOW" pos="65,339" />
		<button name="BLUE" pos="88,339" />
		<button name="TV" pos="20,381" />
		<button name="RADIO" pos="43,381" />
		<button name="TEXT" pos="66,381" />
		<button name="HELP" pos="88,381" />
		<button name="PVR" pos="90,156" />
		<button name="RECORD" pos="20,427" />
		<button name="PLAY" pos="43,413" />
		<button name="PAUSE" pos="43,413" />
		<button name="REWIND" pos="20,413" />
		<button name="FASTFORWARD" pos="89,413" />
		<button name="STOP" pos="66,413" />
	</rc>
</rcs>
