<rcs>
	<rc id="2">
		<button name="POWER" pos="26,28" />

		<button name="1" pos="30,74" />
		<button name="2" pos="65,74" />
		<button name="3" pos="103,74" />
		<button name="4" pos="30,93" />
		<button name="5" pos="65,93" />
		<button name="6" pos="103,93" />
		<button name="7" pos="30,113" />
		<button name="8" pos="65,113" />
		<button name="9" pos="103,113" />
		<button name="ARROWLEFT" pos="30,128" />
		<button name="0" pos="65,128" />
		<button name="ARROWRIGHT" pos="103,128" />

		<button name="INFO" pos="109,174" />
		<button name="MENU" pos="27,174" />
		<button name="BOUQUET+" pos="81,157" />
		<button name="BOUQUET-" pos="53,157" />
		<button name="EPG" pos="110,261" />
		<button name="EXIT" pos="27,174" />

		<button name="OK" pos="66,218" />
		<button name="UP" pos="68,186" />
		<button name="DOWN" pos="68,250" />
		<button name="LEFT" pos="39,217" />
		<button name="RIGHT" pos="96,217" />
		
		<button name="TIMER" pos="110,151" />
		<button name="TV" pos="51,270" />
		<button name="RADIO" pos="84,270" />
		<button name="HELP" pos="25,151" />

		<button name="RED" pos="27,289" />
		<button name="GREEN" pos="51,293" />
		<button name="YELLOW" pos="82,293" />
		<button name="BLUE" pos="108,289" />

		<button name="VOL+" pos="32,319" />
		<button name="VOL-" pos="32,344" />
		<button name="MUTE" pos="67,319" />
		<button name="PVR" pos="67,351" />
		<button name="CH+" pos="103,319" />
		<button name="CH-" pos="100,344" />

		<button name="AUDIO" pos="34,370" />
		<button name="TEXT" pos="67,370" />
		<button name="SUBTITLE" pos="97,370" />

		<button name="REWIND" pos="36,389" />
		<button name="PLAY" pos="67,389" />
		<button name="FASTFORWARD" pos="98,389" />
		<button name="STOP" pos="36,410" />
		<button name="PAUSE" pos="67,410" />
		<button name="RECORD" pos="96,410" />
	</rc>
</rcs>
