<rcs>
	<rc id="2">
		<button name="POWER" pos="23,38" />
		<button name="1" pos="26,87" />
		<button name="2" pos="59,87" />
		<button name="3" pos="92,87" />
		<button name="4" pos="26,111" />
		<button name="5" pos="59,111" />
		<button name="6" pos="92,111" />
		<button name="7" pos="26,134" />
		<button name="8" pos="59,134" />
		<button name="9" pos="92,134" />
		<button name="ARROWLEFT" pos="26,158" />
		<button name="0" pos="59,158" />
		<button name="ARROWRIGHT" pos="92,158" />
		<button name="VOL+" pos="26,320" />
		<button name="VOL-" pos="26,345" />
		<button name="MUTE" pos="94,38" />
		<button name="EXIT" pos="97,230" />
		<button name="BOUQUET+" pos="94,320" />
		<button name="BOUQUET-" pos="94,345" />
		<button name="INFO" pos="97,293" />
		<button name="MENU" pos="24,230" />
		<button name="OK" pos="61,262" />
		<button name="UP" pos="61,241" />
		<button name="DOWN" pos="61,283" />
		<button name="LEFT" pos="38,262" />
		<button name="RIGHT" pos="83,262" />
		<button name="AUDIO" pos="47,64" />
		<button name="RED" pos="25,209" />
		<button name="GREEN" pos="49,209" />
		<button name="YELLOW" pos="72,209" />
		<button name="BLUE" pos="95,209" />
		<button name="TV" pos="24,64" />
		<button name="RADIO" pos="24,64" />
		<button name="TEXT" pos="94,64" />
		<button name="HELP" pos="91,184" />
		<button name="PVR" pos="26,184" />
		<button name="RECORD" pos="60,393" />
		<button name="PLAY" pos="28,374" />
		<button name="PAUSE" pos="60,374" />
		<button name="REWIND" pos="28,412" />
		<button name="FASTFORWARD" pos="91,412" />
		<button name="STOP" pos="91,374" />
	</rc>
</rcs>
