<rcs>
	<rc id="2">
		<button name="POWER" pos="26,28" />

		<button name="1" pos="30,71" />
		<button name="2" pos="65,71" />
		<button name="3" pos="103,71" />
		<button name="4" pos="30,93" />
		<button name="5" pos="65,93" />
		<button name="6" pos="103,93" />
		<button name="7" pos="30,110" />
		<button name="8" pos="65,110" />
		<button name="9" pos="103,110" />
		<button name="ARROWLEFT" pos="30,128" />
		<button name="0" pos="65,128" />
		<button name="ARROWRIGHT" pos="103,128" />

		<button name="INFO" pos="23,150" />
		<button name="MENU" pos="27,174" />
		<button name="BOUQUET+" pos="81,157" />
		<button name="BOUQUET-" pos="53,157" />
		<button name="EPG" pos="108,150" />
		<button name="EXIT" pos="106,174" />

		<button name="OK" pos="66,218" />
		<button name="UP" pos="65,186" />
		<button name="DOWN" pos="65,245" />
		<button name="LEFT" pos="35,217" />
		<button name="RIGHT" pos="96,217" />
		
		<button name="TIMER" pos="23,260" />
		<button name="TV" pos="51,270" />
		<button name="RADIO" pos="82,270" />
		<button name="HELP" pos="106,259" />

		<button name="RED" pos="25,287" />
		<button name="GREEN" pos="51,293" />
		<button name="YELLOW" pos="80,293" />
		<button name="BLUE" pos="105,287" />

		<button name="VOL+" pos="30,319" />
		<button name="VOL-" pos="32,344" />
		<button name="MUTE" pos="65,322" />
		<button name="PVR" pos="67,351" />
		<button name="CH+" pos="100,318" />
		<button name="CH-" pos="98,345" />

		<button name="AUDIO" pos="32,370" />
		<button name="TEXT" pos="67,370" />
		<button name="SUBTITLE" pos="97,370" />

		<button name="REWIND" pos="36,389" />
		<button name="PLAY" pos="65,389" />
		<button name="FASTFORWARD" pos="98,389" />
		<button name="STOP" pos="36,410" />
		<button name="PAUSE" pos="65,410" />
		<button name="RECORD" pos="96,410" />
	</rc>
</rcs>
