<rcs>
	<rc id="0">
		<button name="SHIFT" pos="58,21" />
		<button name="POWER" pos="90,21" />
		<button name="DREAMSELECT" pos="54,53" />
		<button name="TVSELECT" pos="98,53" />
		<button name="1" pos="37,83" />
		<button name="2" pos="76,83" />
		<button name="3" pos="115,83" />
		<button name="4" pos="37,105" />
		<button name="5" pos="76,105" />
		<button name="6" pos="115,105" />
		<button name="7" pos="37,126" />
		<button name="8" pos="76,126" />
		<button name="9" pos="115,126" />
		<button name="ARROWLEFT" pos="48,308" />
		<button name="0" pos="76,148" />
		<button name="ARROWRIGHT" pos="120,308" />
		<button name="VOL+" pos="30,184" />
		<button name="VOL-" pos="39,208" />
		<button name="MUTE" pos="76,179" />
		<button name="EXIT" pos="76,201" />
		
		
		<button name="BOUQUET+" pos="122,184" />
		<button name="BOUQUET-" pos="113,208" />
		
		<button name="INFO" pos="28,238" />
		<button name="MENU" pos="36,330" />
		<button name="OK" pos="77,266" />
		<button name="UP" pos="77,241" />
		<button name="DOWN" pos="77,291" />
		<button name="LEFT" pos="48,266" />
		<button name="RIGHT" pos="106,266" />
		<button name="HELP" pos="32,298" />
		<button name="PVR" pos="121,298" />
		<button name="RED" pos="34,333" />
		<button name="GREEN" pos="61,335" />
		<button name="YELLOW" pos="90,335" />
		<button name="BLUE" pos="118,333" />
		<button name="REWIND" pos="37,365" />
		<button name="PLAYPAUSE" pos="64,366" />
		<button name="STOP" pos="90,366" />
		<button name="FASTFORWARD" pos="117,365" />
		<button name="TV" pos="40,397" />
		<button name="RADIO" pos="65,399" />
		<button name="TEXT" pos="89,399" />
		<button name="RECORD" pos="113,397" />
	</rc>
	<rc id="1">
		<button name="POWER" pos="93,23" />
		<button name="DREAMSELECT" pos="51,55" />
		<button name="TVSELECT" pos="97,55" />
		<button name="1" pos="38,81" />
		<button name="2" pos="62,89" />
		<button name="3" pos="113,81" />
		<button name="4" pos="38,102" />
		<button name="5" pos="77,102" />
		<button name="6" pos="113,102" />
		<button name="7" pos="38,122" />
		<button name="8" pos="62,126" />
		<button name="9" pos="113,122" />
		<button name="ARROWLEFT" pos="50,258" />
		<button name="0" pos="77,143" />
		<button name="ARROWRIGHT" pos="100,258" />
		<button name="VOL+" pos="31,181" />
		<button name="VOL-" pos="42,206" />
		<button name="MUTE" pos="76,172" />
		<button name="EXIT" pos="111,234" />
		<button name="BOUQUET+" pos="111,181" />
		<button name="BOUQUET-" pos="111,206" />
		<button name="INFO" pos="74,173" />
		<button name="MENU" pos="36,330" />
		<button name="OK" pos="74,262" />
		<button name="UP" pos="76,235" />
		<button name="DOWN" pos="76,289" />
		<button name="LEFT" pos="47,255" />
		<button name="RIGHT" pos="103,255" />
		<button name="AUDIO" pos="76,205" />
		<button name="VIDEO" pos="43,148" />
		<button name="RED" pos="54,480" />
		<button name="GREEN" pos="62,330" />
		<button name="YELLOW" pos="89,330" />
		<button name="BLUE" pos="114,431" />
		<button name="TV" pos="38,480" />
		<button name="RADIO" pos="113,480" />
		<button name="TEXT" pos="41,123" />
		<button name="HELP" pos="114,362" />
		<!-- [iq] Added Remocon Position Key-->
		<button name="RECORD" pos="63,480" />
        <button name="PLAYPAUSE" pos="88,455" />
        <button name="STOP" pos="88,480" /> 
        <button name="SUBTITLE" pos="77,123" />
        <button name="PLAY" pos="74,400" />
		<!-- [iq -->
		<button name="BACK" pos="38, 258" />
		<button name="FORWARD" pos="38, 455" />
		<!-- iq] -->
	</rc>
	<rc id="2">
		<button name="POWER" pos="30,44" />
		<button name="MUTE" pos="80,47" />
		<button name="HELP" pos="30,68" />
		<!-- HOME pos="55,68" -->
		<!-- END pos="80,68" -->

		<!-- ZOOM pos="30,86" -->
		<!-- UHF pos="55,86" -->
		<!-- LAN pos="80,86" -->

		<button name="1" pos="30,104" />
		<button name="2" pos="55,104" />
		<button name="3" pos="80,104" />
		<button name="4" pos="30,124" />
		<button name="5" pos="55,124" />
		<button name="6" pos="80,124" />
		<button name="7" pos="30,144" />
		<button name="8" pos="55,144" />
		<button name="9" pos="80,144" />
		<button name="0" pos="55,164" />
		<button name="ARROWLEFT" pos="30,164" />
		<button name="ARROWRIGHT" pos="80,164" />

		<button name="VOL+" pos="28,188" />
		<button name="VOL-" pos="28,214" />
		<button name="BOUQUET+" pos="83,188" />
		<button name="BOUQUET-" pos="83,214" />
		<button name="GUIDE" pos="55,191" />
		<button name="INFO" pos="55,217" />

		<button name="RED" pos="24,246" />
		<button name="GREEN" pos="45,246" />
		<button name="YELLOW" pos="66,246" />
		<button name="BLUE" pos="87,246" />

		<button name="MENU" pos="21,279" />
		<button name="EXIT" pos="88,279" />
		<!-- SAT pos="21,341" -->
		<!-- PORV pos="88,341" -->

		<button name="OK" pos="54,314" />
		<button name="UP" pos="55,285" />
		<button name="DOWN" pos="55,334" />
		<button name="LEFT" pos="30,310" />
		<button name="RIGHT" pos="78,310" />		

		<button name="AUDIO" pos="23,360" />
		<button name="TEXT" pos="44,360" />
        <button name="SUBTITLE" pos="65,360" />
		<!-- TIMER pos="86,360" -->

		<button name="PVR" pos="23,381" />
		<button name="MEDIA" pos="44,381" />
		<!-- YTUBE pos="65,381" -->
		<!-- PIP pos="86,381" -->

		<button name="REWIND" pos="23,398" />
        <button name="PLAY" pos="44,398" />
        <button name="PAUSE" pos="65,398" />
        <button name="PLAYPAUSE" pos="65,398" />
        <button name="FASTFORWARD" pos="86,398" />

		<button name="TV" pos="23,415" />
		<button name="RECORD" pos="44,415" />
		<button name="STOP" pos="65,415" /> 
		<button name="RADIO" pos="86,415" />

		<!-- [iq -->
		<!-- There are no keys for optimuss OS3 plus -->
		<button name="DREAMSELECT" pos="51,55" />
		<button name="TVSELECT" pos="23,415" />
		<button name="VIDEO" pos="43,148" />
		<button name="BACK" pos="38, 258" />
		<button name="FORWARD" pos="38, 455" />
		<!-- iq] -->
	</rc>

</rcs>
