<rcs>
	<rc id="2">
		<button name="SHIFT" pos="19,49" />
		<button name="POWER" pos="57,21" />
		<button name="1" pos="25,66" />
		<button name="2" pos="57,66" />
		<button name="3" pos="92,66" />
		<button name="4" pos="25,86" />
		<button name="5" pos="57,86" />
		<button name="6" pos="92,86" />
		<button name="7" pos="25,106" />
		<button name="8" pos="57,106" />
		<button name="9" pos="92,106" />
		<button name="ARROWLEFT" pos="25,125" />
		<button name="0" pos="57,125" />
		<button name="ARROWRIGHT" pos="92,125" />
		<button name="VOL+" pos="22,270" />
		<button name="VOL-" pos="22,304" />
		<button name="MUTE" pos="95,24" />
		<button name="EXIT" pos="55,274" />
		<button name="INFO" pos="20,167" />
		<button name="MENU" pos="94,167" />
		<button name="OK" pos="57,206" />
		<button name="UP" pos="57,177" />
		<button name="DOWN" pos="57,233" />
		<button name="LEFT" pos="24,207" />
		<button name="RIGHT" pos="89,207" />
		<button name="AUDIO" pos="24,246" />
		<button name="PVR" pos="94,246" />
		<button name="RED" pos="18,305" />
		<button name="GREEN" pos="44,144" />
		<button name="YELLOW" pos="70,144" />
		<button name="BLUE" pos="94,144" />
		<button name="REWIND" pos="24,389" />
		<button name="PLAYPAUSE" pos="57,389" />
		<button name="PLAY" pos="57,389" />
		<button name="PAUSE" pos="57,389" />
		<button name="STOP" pos="57,368" />
		<button name="FORWARD" pos="90,389" />
		<button name="TV" pos="18,23" />
		<button name="RADIO" pos="18,23" />
		<button name="TEXT" pos="90,347" />
		<button name="RECORD" pos="90,368" />
	</rc>
</rcs>
