<rcs>
	<rc id="2">
		<button name="POWER" pos="67,25" />
		<button name="MUTE" pos="28,51" />
		<button name="TV" pos="31,75" />
		<button name="RADIO" pos="31,75" />
		<button name="HELP" pos="30,94" />

		<button name="1" pos="33,366" />
		<button name="2" pos="68,368" />
		<button name="3" pos="103,366" />
		<button name="4" pos="34,389" />
		<button name="5" pos="68,389" />
		<button name="6" pos="103,389" />
		<button name="7" pos="35,411" />
		<button name="8" pos="68,412" />
		<button name="9" pos="103,411" />
		<button name="ARROWLEFT" pos="36,432" />
		<button name="0" pos="68,434" />
		<button name="ARROWRIGHT" pos="100,432" />

		<button name="INFO" pos="88,177" />
		<button name="MENU" pos="49,177" />
		<button name="BOUQUET+" pos="113,202" />
		<button name="BOUQUET-" pos="117,231" />
		<button name="EPG" pos="102,260" />
		<button name="EXIT" pos="32,260" />

		<button name="OK" pos="69,221" />
		<button name="UP" pos="69,197" />
		<button name="DOWN" pos="69,247" />
		<button name="LEFT" pos="44,222" />
		<button name="RIGHT" pos="94,222" />

		<button name="RED" pos="29,337" />
		<button name="GREEN" pos="55,345" />
		<button name="YELLOW" pos="81,345" />
		<button name="BLUE" pos="106,337" />

		<button name="VOL+" pos="24,202" />
		<button name="VOL-" pos="117,241" />
		<button name="PVR" pos="69,271" />
		<button name="CH+" pos="113,202" />
		<button name="CH-" pos="117,231" />

		<button name="SUBTITLE" pos="26,129" />
		<button name="Media" pos="54,123" />
		<button name="Portal" pos="83,123" />
		<button name="TIMER" pos="111,130" />
		<button name="TEXT" pos="26,154" />
		<button name="AUDIO" pos="53,146" />
		<button name="Video" pos="83,146" />
		<button name="FAV" pos="111,155" />

		<button name="REWIND" pos="33,289" />
		<button name="PLAY" pos="68,292" />
		<button name="FASTFORWARD" pos="103,289" />
		<button name="STOP" pos="33,311" />
		<button name="PAUSE" pos="68,292" />
		<button name="RECORD" pos="103,311" />
	</rc>
</rcs>
