<rcs>
	<rc id="2">
		<button name="POWER" pos="55,30" />
		<button name="1" pos="24,57" />
		<button name="2" pos="55,57" />
		<button name="3" pos="87,57" />
		<button name="4" pos="24,77" />
		<button name="5" pos="55,77" />
		<button name="6" pos="87,77" />
		<button name="7" pos="24,97" />
		<button name="8" pos="55,97" />
		<button name="9" pos="87,97" />
		<button name="ARROWLEFT" pos="24,116" />
		<button name="0" pos="55,116" />
		<button name="ARROWRIGHT" pos="87,116" />
		<button name="VOL+" pos="22,273" />
		<button name="VOL-" pos="22,303" />
		<button name="MUTE" pos="55,287" />
		<button name="EXIT" pos="19,212" />
		<button name="BOUQUET+" pos="89,273" />
		<button name="BOUQUET-" pos="89,303" />
		<button name="INFO" pos="92,147" />
		<button name="MENU" pos="22,243" />
		<button name="OK" pos="55,180" />
		<button name="UP" pos="55,154" />
		<button name="DOWN" pos="55,206" />
		<button name="LEFT" pos="29,180" />
		<button name="RIGHT" pos="81,180" />
		<button name="AUDIO" pos="44,396" />
		<button name="RED" pos="20,332" />
		<button name="GREEN" pos="44,332" />
		<button name="YELLOW" pos="67,332" />
		<button name="BLUE" pos="91,332" />
		<button name="TV" pos="44,415" />
		<button name="RADIO" pos="67,415" />
		<button name="TEXT" pos="20,396" />
		<button name="HELP" pos="91,396" />
		<button name="PVR" pos="89,244" />
		<button name="RECORD" pos="20,351" />
		<button name="PLAY" pos="67,351" />
		<button name="PAUSE" pos="67,351" />
		<button name="REWIND" pos="44,370" />
		<button name="FASTFORWARD" pos="67,370" />
		<button name="STOP" pos="44,351" />
	</rc>
</rcs>
