<rcs>
	<rc id="2">
		<button name="POWER" pos="24,40" />
		<button name="1" pos="30,341" />
		<button name="2" pos="70,341" />
		<button name="3" pos="109,341" />
		<button name="4" pos="30,366" />
		<button name="5" pos="70,366" />
		<button name="6" pos="109,366" />
		<button name="7" pos="30,391" />
		<button name="8" pos="70,391" />
		<button name="9" pos="109,391" />
		<button name="ARROWLEFT" pos="30,417" />
		<button name="0" pos="70,417" />
		<button name="ARROWRIGHT" pos="109,417" />
		<button name="VOL+" pos="29,263" />
		<button name="VOL-" pos="29,287" />
		<button name="MUTE" pos="114,40" />
		<button name="EXIT" pos="21,249" />
		<button name="BOUQUET+" pos="110,263" />
		<button name="BOUQUET-" pos="110,287" />
		<button name="INFO" pos="112,158" />
		<button name="MENU" pos="70,227" />
		<button name="OK" pos="70,181" />
		<button name="UP" pos="70,156" />
		<button name="DOWN" pos="70,205" />
		<button name="LEFT" pos="44,179" />
		<button name="RIGHT" pos="95,179" />
		<button name="AUDIO" pos="109,104" />
		<button name="RED" pos="26,438" />
		<button name="GREEN" pos="55,438" />
		<button name="YELLOW" pos="84,438" />
		<button name="BLUE" pos="113,438" />
		<button name="TV" pos="23,234" />
		<button name="RADIO" pos="115,234" />
		<button name="TEXT" pos="23,127" />
		<button name="HELP" pos="109,318" />
		<button name="PVR" pos="70,134" />
		<button name="RECORD" pos="26,63" />
		<button name="PLAY" pos="55,64" />
		<button name="PAUSE" pos="55,64" />
		<button name="REWIND" pos="84,83" />
		<button name="FASTFORWARD" pos="113,83" />
		<button name="STOP" pos="55,83" />
	</rc>
</rcs>
