<?xml version="1.0" encoding="utf-8"?>
<rcs>
	<rc id="2">
		<button name="POWER" pos="41,24" />
		<button name="MUTE" pos="98,26" />

		<button name="HELP" pos="41,53" />
		<!-- HOME pos="70,53" -->
		<!-- END pos="97,53" -->

		<!-- PIP pos="41,73" -->
		<!-- MEDIA pos="70,73" -->
		<!-- LAN pos="97,73" -->

		<button name="1" pos="41,91" />
		<button name="2" pos="69,91" />
		<button name="3" pos="98,91" />
		<button name="4" pos="41,113" />
		<button name="5" pos="69,113" />
		<button name="6" pos="98,113" />
		<button name="7" pos="41,136" />
		<button name="8" pos="69,136" />
		<button name="9" pos="98,136" />
		<button name="0" pos="69,158" />
		<button name="ARROWLEFT" pos="41,158" />
		<button name="ARROWRIGHT" pos="98,158" />
		
		<button name="VOL+" pos="39,184" />
		<button name="VOL-" pos="39,214" />
		<button name="BOUQUET+" pos="99,184" />
		<button name="BOUQUET-" pos="99,214" />
		<button name="INFO" pos="69,217" />
		<!-- EPG pos="69,187" -->

		<button name="AUDIO" pos="35,260" />
		<button name="TEXT" pos="58,260" />
		<button name="SUBTITLE" pos="80,260" />
		<!-- TIMER pos="103,260" -->

		<button name="MENU" pos="33,283" />
		<button name="EXIT" pos="104,283" />
		<!-- SAT pos="32,351" -->
		<button name="PVR" pos="104,351" />

		<button name="OK" pos="69,322" />
		<button name="UP" pos="69,290" />
		<button name="DOWN" pos="69,345" />
		<button name="LEFT" pos="43,318" />
		<button name="RIGHT" pos="95,318" />		

		<button name="RED" pos="35,372" />
		<button name="GREEN" pos="58,372" />
		<button name="YELLOW" pos="80,372" />
		<button name="BLUE" pos="103,372" />

		<button name="REWIND" pos="35,395" />
		<button name="PLAY" pos="58,395" />
		<button name="PAUSE" pos="80,395" />
		<button name="PLAYPAUSE" pos="80,395" />
		<button name="FASTFORWARD" pos="103,395" />

		<button name="TV" pos="35,412" />
		<button name="RECORD" pos="58,412" />
		<button name="STOP" pos="80,412" /> 
		<button name="RADIO" pos="103,412" />
	</rc>
</rcs>
