<rcs>
	<rc id="2">
		<button name="POWER" pos="100,42" />
		<button name="1" pos="32,83" />
		<button name="2" pos="64,83" />
		<button name="3" pos="96,83" />
		<button name="4" pos="32,104" />
		<button name="5" pos="64,104" />
		<button name="6" pos="96,104" />
		<button name="7" pos="32,123" />
		<button name="8" pos="64,123" />
		<button name="9" pos="96,123" />
		<button name="ARROWLEFT" pos="32,136" />
		<button name="0" pos="64,136" />
		<button name="ARROWRIGHT" pos="96,136" />
		<button name="VOL+" pos="32,270" />
		<button name="VOL-" pos="32,300" />
		<button name="MUTE" pos="64,296" />
		<button name="EXIT" pos="101,192" />
		<button name="BOUQUET+" pos="96,270" />
		<button name="BOUQUET-" pos="96,300" />
		<button name="INFO" pos="78,178" />
		<button name="MENU" pos="26,192" />
		<button name="OK" pos="64,224" />
		<button name="UP" pos="64,202" />
		<button name="DOWN" pos="64,246" />
		<button name="LEFT" pos="40,226" />
		<button name="RIGHT" pos="88,226" />
		<button name="AUDIO" pos="64,390" />
		<button name="RED" pos="25,160" />
		<button name="GREEN" pos="51,160" />
		<button name="YELLOW" pos="76,160" />
		<button name="BLUE" pos="102,160" />
		<button name="TV" pos="33,412" />
		<button name="RADIO" pos="65,412" />
		<button name="TEXT" pos="32,390" />
		<button name="HELP" pos="97,411" />
		<button name="PVR" pos="64,284" />
		<button name="RECORD" pos="25,340" />
		<button name="PLAY" pos="64,320" />
		<button name="PAUSE" pos="64,320" />
		<button name="REWIND" pos="32,320" />
		<button name="FASTFORWARD" pos="96,320" />
		<button name="STOP" pos="64,340" />
	</rc>
</rcs>
