<rcs>
	<rc id="2">
		<button name="POWER" pos="116,25" />
		<button name="1" pos="35,277" />
		<button name="2" pos="73,277" />
		<button name="3" pos="111,277" />
		<button name="4" pos="35,298" />
		<button name="5" pos="73,298" />
		<button name="6" pos="11,298" />
		<button name="7" pos="35,321" />
		<button name="8" pos="73,321" />
		<button name="9" pos="111,321" />
		<button name="ARROWLEFT" pos="35,341" />
		<button name="0" pos="73,341" />
		<button name="ARROWRIGHT" pos="111,341" />
		<button name="VOL+" pos="33,210" />
		<button name="VOL-" pos="2433,244" />
		<button name="MUTE" pos="115,50" />
		<button name="EXIT" pos="72,216" />
		<button name="BOUQUET+" pos="112,210" />
		<button name="BOUQUET-" pos="112,244" />
		<button name="INFO" pos="72,243" />
		<button name="MENU" pos="30,66" />
		<button name="OK" pos="72,146" />
		<button name="UP" pos="72,109" />
 		<button name="DOWN" pos="72,182" />
		<button name="LEFT" pos="36,146" />
		<button name="RIGHT" pos="109,146" />
		<button name="AUDIO" pos="87,66" />
		<button name="RED" pos="30,83" />
		<button name="GREEN" pos="60,83" />
		<button name="YELLOW" pos="87,83" />
		<button name="BLUE" pos="115,83" />
		<button name="TV" pos="30,377" />
		<button name="RADIO" pos="115,377" />
		<button name="TEXT" pos="30,50" />
		<button name="HELP" pos="115,66" />
		<button name="PVR" pos="60,66" />
		<button name="RECORD" pos="58,377" />
		<button name="PLAY" pos="58,362" />
		<button name="PAUSE" pos="86,362" />
		<button name="REWIND" pos="30,362" />
		<button name="FASTFORWARD" pos="115,362" />
		<button name="STOP" pos="87,377" />
	</rc>
</rcs>
