<rcs>
	<rc id="2">
		<button name="POWER" pos="37,39" />
		<button name="WIZTV" pos="94,39" />
		<button name="TV" pos="52,62" />
		<button name="TV-OUT" pos="78,62" />
		<button name="AUTOTIMER" pos="21,84" />
		<button name="TIMER" pos="50,84" />
		<button name="FAV" pos="81,84" />
		<button name="EPG" pos="110,84" />
		<button name="VOL+" pos="39,113" />
		<button name="MUTE" pos="65,113" />
		<button name="CH+" pos="91,113" />
		<button name="VOL-" pos="39,137" />
		<button name="INFO" pos="65,137" />
		<button name="CH-" pos="91,137" />
		<button name="BACK" pos="21,166" />
		<button name="STOP" pos="50,166" />
		<button name="PLAYPAUSE" pos="81,166" />
		<button name="MEDIA" pos="110,166" />
		<button name="UP" pos="65,193" />
		<button name="EXIT" pos="20,215" />
		<button name="LEFT" pos="42,215" />
		<button name="OK" pos="65,215" />
		<button name="RIGHT" pos="88,215" />
		<button name="MENU" pos="110,215" />
		<button name="DOWN" pos="65,238" />
		<button name="RED" pos="22,267" />
		<button name="GREEN" pos="51,267" />
		<button name="YELLOW" pos="79,267" />
		<button name="BLUE" pos="108,267" />
		<button name="1" pos="31,289" />
		<button name="2" pos="66,289" />
		<button name="3" pos="101,289" />
		<button name="4" pos="31,306" />
		<button name="5" pos="66,306" />
		<button name="6" pos="101,306" />
		<button name="7" pos="31,323" />
		<button name="8" pos="66,323" />
		<button name="9" pos="101,323" />
		<button name="ARROWLEFT" pos="31,341" />
		<button name="0" pos="66,341" />
		<button name="ARROWRIGHT" pos="101,341" />
		<button name="REWIND" pos="28,365" />
		<button name="RECORD" pos="53,365" />
		<button name="SLOW" pos="78,365" />
		<button name="FASTFORWARD" pos="103,365" />
		<button name="PLUGIN" pos="28,383" />
		<button name="SLEEP" pos="53,383" />
		<button name="ABOUT" pos="78,383" />
		<button name="SETUP" pos="103,383" />
		<button name="SUBTITLE" pos="28,401" />
		<button name="AUDIO" pos="53,401" />
		<button name="TEXT" pos="78,401" />
		<button name="HELP" pos="103,401" />
	</rc>
</rcs>
