<rcs>
	<rc id="1">
		<button name="POWER" pos="28,28" />
		<button name="1" pos="26,52" />
		<button name="2" pos="63,52" />
		<button name="3" pos="97,52" />
		<button name="4" pos="26,74" />
		<button name="5" pos="63,74" />
		<button name="6" pos="97,74" />
		<button name="7" pos="26,121" />
		<button name="8" pos="63,121" />
		<button name="9" pos="97,121" />
		<button name="ARROWLEFT" pos="26,143" />
		<button name="0" pos="63,143" />
		<button name="ARROWRIGHT" pos="97,143" />
		<button name="VOL+" pos="25,277" />
		<button name="VOL-" pos="25,310" />
		<button name="MUTE" pos="97,28" />
		<button name="EXIT" pos="25,249" />
		<button name="BOUQUET+" pos="100,277" />
		<button name="BOUQUET-" pos="100,310" />
		<button name="INFO" pos="101,65" />
		<button name="MENU" pos="63,266" />
		<button name="OK" pos="64,209" />
		<button name="UP" pos="63,178" />
		<button name="DOWN" pos="63,236" />
		<button name="LEFT" pos="34,207" />
		<button name="RIGHT" pos="93,207" />
		<button name="AUDIO" pos="63,143" />
		<button name="RED" pos="21,334" />
		<button name="GREEN" pos="49,334" />
		<button name="YELLOW" pos="76,334" />
		<button name="BLUE" pos="105,334" />
		<button name="TV" pos="21,400" />
		<button name="RADIO" pos="49,400" />
		<button name="TEXT" pos="26,143" />
		<button name="HELP" pos="105,400" />
		<button name="PVR" pos="60,307" />
		<button name="RECORD" pos="21,359" />
		<button name="PLAY" pos="76,359" />
		<button name="PAUSE" pos="76,359" />
		<button name="REWIND" pos="49,380" />
		<button name="FASTFORWARD" pos="76,380" />
		<button name="STOP" pos="49,359" />
	</rc>
</rcs>
