<rcs>
	<rc id="0">
		<button name="SHIFT" pos="58,21" />
		<button name="POWER" pos="90,21" />
		<button name="DREAMSELECT" pos="54,53" />
		<button name="TVSELECT" pos="98,53" />
		<button name="1" pos="37,83" />
		<button name="2" pos="76,83" />
		<button name="3" pos="115,83" />
		<button name="4" pos="37,105" />
		<button name="5" pos="76,105" />
		<button name="6" pos="115,105" />
		<button name="7" pos="37,126" />
		<button name="8" pos="76,126" />
		<button name="9" pos="115,126" />
		<button name="ARROWLEFT" pos="48,308" />
		<button name="0" pos="76,148" />
		<button name="ARROWRIGHT" pos="120,308" />
		<button name="VOL+" pos="30,184" />
		<button name="VOL-" pos="39,208" />
		<button name="MUTE" pos="76,179" />
		<button name="EXIT" pos="76,201" />
		<button name="BOUQUET+" pos="122,184" />
		<button name="BOUQUET-" pos="113,208" />
		<button name="INFO" pos="28,238" />
		<button name="MENU" pos="124,238" />
		<button name="OK" pos="77,266" />
		<button name="UP" pos="77,241" />
		<button name="DOWN" pos="77,291" />
		<button name="LEFT" pos="48,266" />
		<button name="RIGHT" pos="106,266" />
		<button name="HELP" pos="32,298" />
		<button name="PVR" pos="121,298" />
		<button name="RED" pos="34,333" />
		<button name="GREEN" pos="61,335" />
		<button name="YELLOW" pos="90,335" />
		<button name="BLUE" pos="118,333" />
		<button name="REWIND" pos="37,365" />
		<button name="PLAYPAUSE" pos="64,366" />
		<button name="STOP" pos="90,366" />
		<button name="FASTFORWARD" pos="117,365" />
		<button name="TV" pos="40,397" />
		<button name="RADIO" pos="65,399" />
		<button name="TEXT" pos="89,399" />
		<button name="RECORD" pos="113,397" />
	</rc>
	<rc id="1">
		<button name="POWER" pos="93,23" />
		<button name="DREAMSELECT" pos="51,55" />
		<button name="TVSELECT" pos="97,55" />
		<button name="1" pos="38,81" />
		<button name="2" pos="62,89" />
		<button name="3" pos="113,81" />
		<button name="4" pos="38,102" />
		<button name="5" pos="77,102" />
		<button name="6" pos="113,102" />
		<button name="7" pos="38,122" />
		<button name="8" pos="62,126" />
		<button name="9" pos="113,122" />
		<button name="ARROWLEFT" pos="50,258" />
		<button name="0" pos="77,143" />
		<button name="ARROWRIGHT" pos="100,258" />
		<button name="VOL+" pos="31,181" />
		<button name="VOL-" pos="42,206" />
		<button name="MUTE" pos="76,172" />
		<button name="EXIT" pos="111,234" />
		<button name="BOUQUET+" pos="111,181" />
		<button name="BOUQUET-" pos="111,206" />
		<button name="INFO" pos="74,173" />
		<button name="MENU" pos="38,235" />
		<button name="OK" pos="74,262" />
		<button name="UP" pos="76,235" />
		<button name="DOWN" pos="76,289" />
		<button name="LEFT" pos="47,255" />
		<button name="RIGHT" pos="103,255" />
		<button name="AUDIO" pos="76,205" />
		<button name="VIDEO" pos="43,148" />
		<button name="RED" pos="54,480" />
		<button name="GREEN" pos="62,330" />
		<button name="YELLOW" pos="89,330" />
		<button name="BLUE" pos="114,431" />
		<button name="TV" pos="38,480" />
		<button name="RADIO" pos="113,480" />
		<button name="TEXT" pos="41,123" />
		<button name="HELP" pos="114,362" />
		<!-- [iq] Added Remocon Position Key-->
		<button name="RECORD" pos="63,480" />
        <button name="PLAYPAUSE" pos="88,455" />
        <button name="STOP" pos="88,480" /> 
        <button name="SUBTITLE" pos="77,123" />
        <button name="PLAY" pos="74,400" />
		<!-- [iq -->
		<button name="BACK" pos="38, 258" />
		<button name="FORWARD" pos="38, 455" />
		<!-- iq] -->
	</rc>
	<rc id="2">
		<button name="POWER" pos="41,25" />
		<button name="MUTE" pos="97,26" />

		<button name="HELP" pos="41,54" />
		<button name="HOME" pos="69,54" />
		<button name="LAN" pos="98,54" />
		
		<button name="ZOOM" pos="41,72" />
		<button name="END" pos="69,72" />
		<button name="YTUBE" pos="98,72" />

		<button name="1" pos="41,92" />
		<button name="2" pos="69,92" />
		<button name="3" pos="98,92" />
		<button name="4" pos="41,113" />
		<button name="5" pos="69,113" />
		<button name="6" pos="98,113" />
		<button name="7" pos="41,137" />
		<button name="8" pos="69,137" />
		<button name="9" pos="98,137" />
		<button name="ARROWLEFT" pos="41,158" />
		<button name="0" pos="69,158" />
		<button name="ARROWRIGHT" pos="98,158" />
		
		<button name="VOL+" pos="39,186" />
		<button name="VOL-" pos="39,215" />
		<button name="BOUQUET+" pos="99,186" />
		<button name="BOUQUET-" pos="99,215" />
		<button name="EPG" pos="69,188" />
		<button name="INFO" pos="69,219" />

		<button name="AUDIO" pos="35,259" />
		<button name="TEXT" pos="57,259" />
        <button name="SUBTITLE" pos="80,259" />
		<button name="TIMER" pos="101,259" />

		<button name="MENU" pos="33,285" />
		<button name="EXIT" pos="105,285" />
		<button name="SAT" pos="33,351" />
		<button name="PORV" pos="105,351" />

		<button name="OK" pos="69,322" />
		<button name="UP" pos="69,291" />
		<button name="DOWN" pos="69,346" />
		<button name="LEFT" pos="43,321" />
		<button name="RIGHT" pos="95,321" />		

		<button name="RED" pos="35,372" />
		<button name="GREEN" pos="58,372" />
		<button name="YELLOW" pos="80,372" />
		<button name="BLUE" pos="102,372" />

		<button name="PVR" pos="35,393" />
		<button name="MEDIA" pos="58,393" />
		<button name="F1" pos="80,393" />
		<button name="PIP" pos="102,393" />

		<button name="REWIND" pos="35,412" />
        <button name="PLAY" pos="58,412" />
        <button name="PAUSE" pos="80,412" />
        <button name="PLAYPAUSE" pos="80,412" />
        <button name="FASTFORWARD" pos="102,412" />

		<button name="TV" pos="35,430" />
		<button name="RECORD" pos="58,430" />
		<button name="STOP" pos="80,430" /> 
		<button name="RADIO" pos="102,430" />

		<!-- [iq -->
		<!--<button name="DREAMSELECT" pos="51,55" />-->
		<!--<button name="TVSELECT" pos="97,55" />-->
		<!--<button name="BACK" pos="38, 258" />-->
		<!--<button name="FORWARD" pos="38, 455" />-->
		<!-- iq] -->
	</rc>

</rcs>
