<rcs>
	<rc id="2">
		<button name="SHIFT" pos="59,23" />
		<button name="POWER" pos="107,20" />
		<button name="DREAMSELECT" pos="51,55" />
		<button name="TVSELECT" pos="32,452" />
		<button name="1" pos="32,93" />
		<button name="2" pos="64,93" />
		<button name="3" pos="96,93" />
		<button name="4" pos="32,114" />
		<button name="5" pos="64,114" />
		<button name="6" pos="96,114" />
		<button name="7" pos="32,133" />
		<button name="8" pos="64,133" />
		<button name="9" pos="96,133" />
		<button name="ARROWLEFT" pos="31,285" />
		<button name="0" pos="64,153" />
		<button name="ARROWRIGHT" pos="81,285" />
		<button name="VOL+" pos="50,275" />
		<button name="VOL-" pos="50,300" />
		<button name="MUTE" pos="79,295" />
		<button name="EXIT" pos="80,225" />
		<button name="BOUQUET+" pos="96,297" />
		<button name="BOUQUET-" pos="96,325" />
		<button name="INFO" pos="78,199" />
		<button name="MENU" pos="49,149" />
		<button name="OK" pos="74,277" />
		<button name="UP" pos="69,240" />
		<button name="DOWN" pos="68,310" />
		<button name="LEFT" pos="42,285" />
		<button name="RIGHT" pos="98,285" />
		<button name="AUDIO" pos="64,432" />
		<button name="VIDEO" pos="64,314" />
		<button name="RED" pos="25,177" />
		<button name="GREEN" pos="51,177" />
		<button name="YELLOW" pos="76,177" />
		<button name="BLUE" pos="102,177" />
		<button name="TV" pos="33,452" />
		<button name="RADIO" pos="65,452" />
		<button name="TEXT" pos="32,432" />
		<button name="HELP" pos="97,451" />
	</rc>
</rcs>