<rcs>
	<rc id="2">
		<button name="POWER" pos="26,60" />
		<button name="MUTE" pos="98,60" />

		<button name="HELP" pos="102,83" />

		<button name="1" pos="24,104" />
		<button name="2" pos="62,104" />
		<button name="3" pos="100,104" />
		<button name="4" pos="24,123" />
		<button name="5" pos="62,123" />
		<button name="6" pos="100,123" />
		<button name="7" pos="24,142" />
		<button name="8" pos="62,142" />
		<button name="9" pos="100,142" />
		<button name="ARROWLEFT" pos="24,162" />
		<button name="0" pos="62,162" />
		<button name="ARROWRIGHT" pos="100,162" />

		<button name="VOL+" pos="23,194" />
		<button name="VOL-" pos="23,221" />
		<button name="BOUQUET+" pos="101,194" />
		<button name="BOUQUET-" pos="101,122" />
		<button name="EPG" pos="61,226" />

		<button name="MENU" pos="23,158" />
		<button name="EXIT" pos="99,258" />
		<button name="OK" pos="61,294" />
		<button name="UP" pos="61,258" />
		<button name="DOWN" pos="61,333" />
		<button name="LEFT" pos="23,294" />
		<button name="RIGHT" pos="100,294" />
		<button name="INFO" pos="23,233" />

		<button name="RED" pos="19,360" />
		<button name="GREEN" pos="48,360" />
		<button name="YELLOW" pos="75,360" />
		<button name="BLUE" pos="105,360" />

		<button name="REWIND" pos="21,386" />
		<button name="PLAY" pos="48,386" />
		<button name="PAUSE" pos="75,386" />
		<button name="FASTFORWARD" pos="102,386" />
		<button name="AUDIO" pos="21,404" />
		<button name="STOP" pos="48,404" />
		<button name="RECORD" pos="75,404" />
		<button name="PVR" pos="102,404" />
		<button name="TEXT" pos="21,421" />
		<button name="TV" pos="48,421" />
		<button name="RADIO" pos="75,421" />
		<button name="FAVORITES" pos="102,421" />

	</rc>
</rcs>
