<rcs>
	<rc id="2">
		<button name="POWER" pos="94,18" />
		<button name="1" pos="34,83" />
		<button name="2" pos="66,83" />
		<button name="3" pos="100,83" />
		<button name="4" pos="34,104" />
		<button name="5" pos="66,104" />
		<button name="6" pos="100,104" />
		<button name="7" pos="34,123" />
		<button name="8" pos="66,123" />
		<button name="9" pos="100,123" />
		<button name="ARROWLEFT" pos="34,136" />
		<button name="0" pos="66,136" />
		<button name="ARROWRIGHT" pos="100,136" />
		<button name="VOL+" pos="32,270" />
		<button name="VOL-" pos="32,300" />
		<button name="MUTE" pos="64,296" />
		<button name="EXIT" pos="101,192" />
		<button name="BOUQUET+" pos="96,270" />
		<button name="BOUQUET-" pos="96,300" />
		<button name="INFO" pos="80,180" />
		<button name="MENU" pos="30,196" />
		<button name="OK" pos="64,224" />
		<button name="UP" pos="66,196" />
		<button name="DOWN" pos="66,242" />
		<button name="LEFT" pos="42,216" />
		<button name="RIGHT" pos="90,216" />
		<button name="AUDIO" pos="34,50" />
		<button name="RED" pos="28,166" />
		<button name="GREEN" pos="54,166" />
		<button name="YELLOW" pos="78,166" />
		<button name="BLUE" pos="106,166" />
		<button name="TV" pos="34,70" />
		<button name="RADIO" pos="66,70" />
		<button name="TEXT" pos="34,390" />
		<button name="HELP" pos="97,411" />
		<button name="PVR" pos="66,290" />
		<button name="RECORD" pos="34,340" />
		<button name="PLAY" pos="66,326" />
		<button name="PAUSE" pos="66,326" />
		<button name="REWIND" pos="34,318" />
		<button name="FASTFORWARD" pos="96,318" />
		<button name="STOP" pos="66,340" />
	</rc>
</rcs>
