<rcs>
	<rc id="2">
		<button name="POWER" pos="64,33" />
		<button name="1" pos="30,55" />
		<button name="2" pos="64,55" />
		<button name="3" pos="94,55" />
		<button name="4" pos="30,70" />
		<button name="5" pos="64,70" />
		<button name="6" pos="94,70" />
		<button name="7" pos="30,87" />
		<button name="8" pos="64,87" />
		<button name="9" pos="94,87" />
		<button name="ARROWLEFT" pos="30,105" />
		<button name="0" pos="64,105" />
		<button name="ARROWRIGHT" pos="92,105" />
		<button name="VOL+" pos="28,270" />
		<button name="VOL-" pos="33,297" />
		<button name="MUTE" pos="62,296" />
		<button name="EXIT" pos="95,170" />
		<button name="BOUQUET+" pos="93,270" />
		<button name="BOUQUET-" pos="88,297" />
		<button name="INFO" pos="28,235" />
		<button name="MENU" pos="28,170" />
		<button name="OK" pos="62,200" />
		<button name="UP" pos="62,170" />
		<button name="DOWN" pos="64,202" />
		<button name="LEFT" pos="38,200" />
		<button name="RIGHT" pos="86,200" />
		<button name="AUDIO" pos="62,396" />
		<button name="RED" pos="28,315" />
		<button name="GREEN" pos="52,315" />
		<button name="YELLOW" pos="72,315" />
		<button name="BLUE" pos="92,315" />
		<button name="TV" pos="32,413" />
		<button name="RADIO" pos="62,413" />
		<button name="TEXT" pos="32,390" />
		<button name="HELP" pos="92,413" />
		<button name="PVR" pos="62,355" />
		<button name="RECORD" pos="35,147" />
		<button name="PLAY" pos="62,147" />
		<button name="PAUSE" pos="62,147" />
		<button name="REWIND" pos="47,127" />
		<button name="FASTFORWARD" pos="75,127" />
		<button name="STOP" pos="88,147" />
	</rc>
</rcs>
