<rcs>
	<rc id="2">
		<button name="POWER" pos="109,52" />
		<button name="1" pos="38,338" />
		<button name="2" pos="76,338" />
		<button name="3" pos="111,338" />
		<button name="4" pos="38,359" />
		<button name="5" pos="76,359" />
		<button name="6" pos="111,359" />
		<button name="7" pos="38,379" />
		<button name="8" pos="76,379" />
		<button name="9" pos="111,379" />
		<button name="ARROWLEFT" pos="38,401" />
		<button name="0" pos="76,401" />
		<button name="ARROWRIGHT" pos="111,401" />
		<button name="VOL+" pos="29,212" />
		<button name="VOL-" pos="29,286" />
		<button name="MUTE" pos="37,28" />
		<button name="EXIT" pos="111,182" />
		<button name="BOUQUET+" pos="121,212" />
		<button name="BOUQUET-" pos="121,286" />
		<button name="INFO" pos="38,182" />
		<button name="MENU" pos="76,182" />
		<button name="OK" pos="76,249" />
		<button name="UP" pos="76,223" />
 		<button name="DOWN" pos="76,276" />
		<button name="LEFT" pos="46,248" />
		<button name="RIGHT" pos="101,248" />
		<button name="HELP" pos="76,161" />
		<button name="PVR" pos="111,117" />
		<button name="RED" pos="38,315" />
		<button name="GREEN" pos="61,315" />
		<button name="YELLOW" pos="91,315" />
		<button name="BLUE" pos="116,315" />
		<button name="REWIND" pos="38,98" />
		<button name="PLAYPAUSE" pos="76,98" />
		<button name="PAUSE" pos="76,98" />
		<button name="PLAY" pos="76,98" />
		<button name="STOP" pos="76,117" />
		<button name="FORWARD" pos="111,98" />
		<button name="TV" pos="38,141" />
		<button name="RADIO" pos="111,141" />
		<button name="TEXT" pos="38,161" />
		<button name="RECORD" pos="38,117" />
		<button name="AUDIO" pos="76,141" />
	</rc>
</rcs>
