<rcs>
	<rc id="2">
		<button name="POWER" pos="92,39" />
		<button name="1" pos="26,82" />
		<button name="2" pos="59,82" />
		<button name="3" pos="91,82" />
		<button name="4" pos="26,105" />
		<button name="5" pos="59,105" />
		<button name="6" pos="91,105" />
		<button name="7" pos="26,127" />
		<button name="8" pos="59,127" />
		<button name="9" pos="91,127" />
		<button name="ARROWLEFT" pos="26,149" />
		<button name="0" pos="59,149" />
		<button name="ARROWRIGHT" pos="91,149" />
		<button name="VOL+" pos="25,308" />
		<button name="VOL-" pos="25,334" />
		<button name="MUTE" pos="23,39" />
		<button name="EXIT" pos="93,214" />
		<button name="BOUQUET+" pos="93,308" />
		<button name="BOUQUET-" pos="93,334" />
		<button name="INFO" pos="23,282" />
		<button name="MENU" pos="23,214" />
		<button name="OK" pos="59,249" />
		<button name="UP" pos="59,226" />
		<button name="DOWN" pos="59,272" />
		<button name="LEFT" pos="35,249" />
		<button name="RIGHT" pos="83,249" />
		<button name="AUDIO" pos="59,172" />
		<button name="RED" pos="22,195" />
		<button name="GREEN" pos="46,195" />
		<button name="YELLOW" pos="70,195" />
		<button name="BLUE" pos="94,195" />
		<button name="TV" pos="24,62" />
		<button name="RADIO" pos="46,62" />
		<button name="TEXT" pos="26,172" />
		<button name="HELP" pos="27,365" />
		<button name="PVR" pos="59,334" />
		<button name="RECORD" pos="27,401" />
		<button name="PLAY" pos="59,401" />
		<button name="PAUSE" pos="59,401" />
		<button name="REWIND" pos="59,384" />
		<button name="FASTFORWARD" pos="90,383" />
		<button name="STOP" pos="90,401" />
	</rc>
</rcs>
