<rcs>
	<rc id="2">
		<button name="POWER" pos="93,23" />
		<button name="DREAMSELECT" pos="51,55" />
		<button name="TVSELECT" pos="97,55" />
		<button name="1" pos="38,81" />
		<button name="2" pos="75,320" />
		<button name="3" pos="113,81" />
		<button name="4" pos="38,102" />
		<button name="5" pos="77,102" />
		<button name="6" pos="113,102" />
		<button name="7" pos="38,122" />
		<button name="8" pos="75,380" />
		<button name="9" pos="113,122" />
		<button name="ARROWLEFT" pos="40,160" />
		<button name="0" pos="69,160" />
		<button name="ARROWRIGHT" pos="98,160" />
		<button name="VOL+" pos="31,181" />
		<button name="VOL-" pos="42,206" />
		<button name="MUTE" pos="76,172" />
		<button name="EXIT" pos="115,234" />

		<button name="BOUQUET+" pos="106,241" />
		<button name="BOUQUET-" pos="106,278" />
		<button name="INFO" pos="69,219" />
		<button name="MENU" pos="33,280" />
		<button name="OK" pos="70,320" />
		<button name="UP" pos="70,290" />
		<button name="DOWN" pos="70,340" />
		<button name="LEFT" pos="41,315" />
		<button name="RIGHT" pos="97,315" />
		<button name="AUDIO" pos="35,250" />

		<button name="VIDEO" pos="43,98" />
		<button name="RED" pos="36,372" />
		<button name="GREEN" pos="59,372" />
		<button name="YELLOW" pos="81,372" />
		<button name="BLUE" pos="104,372" />
		<button name="TV" pos="36,412" />
		<button name="RADIO" pos="103,412" />
		<button name="TEXT" pos="59,250" />
		<button name="HELP" pos="114,312" />
		<button name="PVR" pos="107,353" />
		<!-- [iq] Added Remocon Position Key-->
		<button name="RECORD" pos="58,412" />
		<button name="PLAYPAUSE" pos="88,455" />
		<button name="STOP" pos="81,412" /> 
		<button name="SUBTITLE" pos="77,123" />
		<button name="PLAY" pos="65,392" />
		<button name="PAUSE" pos="81,392" />
		<button name="FASTFORWARD" pos="104,392" />
		<button name="REWIND" pos="36,392" />
		<!-- [iq -->
		<button name="BACK" pos="38, 258" />
		<button name="FORWARD" pos="38, 455" />
		<!-- iq] -->
	</rc>

</rcs>
