<rcs>
	<rc id="2">
		<button name="SHIFT" pos="58,21" />
		<button name="POWER" pos="60,36" />
		<button name="1" pos="28,327" />
		<button name="2" pos="60,327" />
		<button name="3" pos="92,327" />
		<button name="4" pos="28,349" />
		<button name="5" pos="60,349" />
		<button name="6" pos="92,349" />
		<button name="7" pos="28,371" />
		<button name="8" pos="60,371" />
		<button name="9" pos="92,371" />
		<button name="ARROWLEFT" pos="28,391" />
		<button name="0" pos="60,391" />
		<button name="ARROWRIGHT" pos="92,391" />
		<button name="VOL+" pos="25,135" />
		<button name="VOL-" pos="25,169" />
		<button name="MUTE" pos="95,36" />
		<button name="EXIT" pos="59,165" />
		<button name="INFO" pos="27,198" />
		<button name="MENU" pos="94,198" />
		<button name="OK" pos="60,230" />
		<button name="UP" pos="60,198" />
		<button name="DOWN" pos="60,261" />
		<button name="LEFT" pos="27,230" />
		<button name="RIGHT" pos="95,230" />
		<button name="AUDIO" pos="26,260" />
		<button name="PVR" pos="94,260" />
		<button name="RED" pos="23,305" />
		<button name="GREEN" pos="48,305" />
		<button name="YELLOW" pos="72,305" />
		<button name="BLUE" pos="96,305" />
		<button name="REWIND" pos="48,89" />
		<button name="PLAYPAUSE" pos="72,107" />
		<button name="PLAY" pos="72,107" />
		<button name="PAUSE" pos="72,107" />
		<button name="STOP" pos="48,107" />
		<button name="FORWARD" pos="72,89" />
		<button name="TV" pos="25,36" />
		<button name="RADIO" pos="25,36" />
		<button name="TEXT" pos="92,290" />
		<button name="RECORD" pos="97,107" />
	</rc>
</rcs>
