<rcs>
	<rc id="1">
		<button name="POWER" pos="23,24" />
		<button name="MUTE" pos="94,24" />
		<button name="1" pos="23,353" />
		<button name="2" pos="58,353" />
		<button name="3" pos="94,353" />
		<button name="4" pos="23,376" />
		<button name="5" pos="58,376" />
		<button name="6" pos="94,376" />
		<button name="7" pos="23,399" />
		<button name="8" pos="58,399" />
		<button name="9" pos="94,399" />
		<button name="ARROWLEFT" pos="23,422" />
		<button name="0" pos="58,422" />
		<button name="ARROWRIGHT" pos="94,422" />
		<button name="BOUQUET+" pos="93,282" />
		<button name="BOUQUET-" pos="93,324" />
		<button name="VOL+" pos="23,282" />
		<button name="VOL-" pos="23,324" />
		<button name="CONTEXT" pos="58,287" />
		<button name="PLAYLIST" pos="20,117"/>
		<button name="PVR" pos="20,117" />
		<button name="MENU" pos="13,163" />
		<button name="EXIT" pos="13,254" />
		<button name="INFO" pos="101,163" />
		<button name="EPG" pos="101,254" />
		<button name="OK" pos="58,211" />
		<button name="UP" pos="58,176" />
		<button name="DOWN" pos="58,244" />
		<button name="LEFT" pos="24,210" />
		<button name="RIGHT" pos="93,210" />
		<button name="SLEEP" pos="20,49" />
		<button name="TV" pos="45,49" />
		<button name="RADIO" pos="71,49" />
		<button name="HELP" pos="96,49" />
		<button name="AUDIO" pos="20,71" />
		<button name="TEXT" pos="71,71" />
		<button name="RED" pos="20,95" />
		<button name="GREEN" pos="45,95" />
		<button name="YELLOW" pos="70,95" />
		<button name="BLUE" pos="96,95" />
		<button name="RECORD" pos="20,117" />
		<button name="STOP" pos="45,117" />
		<button name="PLAY" pos="70,117" />
		<button name="PAUSE" pos="70,117" />
		<button name="TIMER" pos="96,117" />
		<button name="REWIND" pos="45,139" />
		<button name="PREVIOUS" pos="20,139" />
		<button name="PREVIOUSSONG" pos="96,139" />
		<button name="FASTFORWARD" pos="70,139" />
	</rc>
</rcs>
