<rcs>
	<rc id="2">
		<button name="POWER" pos="70,53" />
		<button name="1" pos="35,350" />
		<button name="2" pos="70,350" />
		<button name="3" pos="107,350" />
		<button name="4" pos="35,373" />
		<button name="5" pos="70,373" />
		<button name="6" pos="107,373" />
		<button name="7" pos="35,397" />
		<button name="8" pos="70,397" />
		<button name="9" pos="107,397" />
		<button name="ARROWLEFT" pos="35,260" />
		<button name="0" pos="70,419" />
		<button name="ARROWRIGHT" pos="100,260" />
		<button name="VOL+" pos="32,116" />
		<button name="VOL-" pos="32,150" />
		<button name="MUTE" pos="107,43" />
		<button name="EXIT" pos="112,325" />
		<button name="BOUQUET+" pos="107,116" />
		<button name="BOUQUET-" pos="107,150" />
		<button name="INFO" pos="43,197" />
		<button name="MENU" pos="27,325" />
		<button name="OK" pos="70,260" />
		<button name="UP" pos="70,228" />
		<button name="DOWN" pos="70,290" />
		<button name="LEFT" pos="35,260" />
		<button name="RIGHT" pos="100,260" />
		<button name="AUDIO" pos="107,60" />
		<button name="RED" pos="27,181" />
		<button name="GREEN" pos="55,181" />
		<button name="YELLOW" pos="85,181" />
		<button name="BLUE" pos="112,181" />
		<button name="TV" pos="32,43" />
		<button name="RADIO" pos="32,43" />
		<button name="TEXT" pos="32,87" />
		<button name="RECORD" pos="99,197" />
		<button name="PLAY" pos="85,325" />
		<button name="PAUSE" pos="85,325" />
		<button name="STOP" pos="55,325" />
		<button name="EPG" pos="70,150" />
		<button name="SUBTITLE" pos="32,260" />
		<!-- Buttons below are not present -->
		<button name="REWIND" pos="44,370" />
		<button name="FASTFORWARD" pos="67,370" />
		<button name="PVR" pos="89,244" />
		<button name="HELP" pos="91,396" />
	</rc>
</rcs>
